accident_date,accident_time,expw_step,weather_state,injur_man,injur_femel,dead_man,dead_femel,cause
2017-03-23,23:16:16,S1,ปกติ,0,0,0,0,ยางแตก
2017-03-25,01:08:08,ศรีรัช,ปกติ,0,0,0,0,ก้มหยิบโทรศัพย์
2017-06-27,07:03:03,ศรีรัช,ปกติ,0,0,0,0,รถไม่่มี Easy Pass
2016-11-23,01:09:09,ศรีรัช,ปกติ,0,0,0,0,ขับชิดขอบเกินไป
2017-06-28,14:56:56,ศรีรัช,ปกติ,0,0,0,0,ไม่มีeasy pass
2017-02-25,01:54:54,ศรีรัช,ปกติ,0,1,0,0,ไม่ชินเส้นทาง
2017-03-20,11:48:48,ศรีรัช,ปกติ,0,0,0,0,ขับชิดขวามากเกินไป
2017-09-01,09:45:45,ศรีรัช,ปกติ,0,0,0,0,ขับชิดขอบตู้มากเกิน
2017-09-04,11:05:05,ศรีรัช,ปกติ,0,0,0,0,เข้าช่องetc
2016-12-18,12:23:23,ศรีรัช,ปกติ,0,0,0,0,ขับชิดมากเกินไป
2017-03-27,10:48:48,ศรีรัช,ปกติ,0,0,0,0,-
2017-02-03,16:12:12,ศรีรัช,ปกติ,0,0,0,0,ชนป้ายวัดความสูง
2017-06-02,23:47:47,ศรีรัช,ปกติ,0,0,0,0,เข้าช่องทางผิดเเล้วถอยรถออก
2016-10-31,19:20:20,ฉลองรัช,ปกติ,0,0,0,0,บรรทุกหนัก
2016-12-28,15:06:06,ฉลองรัช,ปกติ,0,0,0,0,บรรทุกหนัก
2017-08-29,21:50:50,ฉลองรัช,ปกติ,1,0,0,0,ก้มเก็บของ
2017-09-04,13:28:28,ฉลองรัช,ปกติ,4,1,0,0,ก้มเก็บของ
2017-05-06,17:10:10,ฉลองรัช,ปกติ,0,0,0,0,ก้มรับโทรศัพท์
2016-12-12,19:50:50,ฉลองรัช,ปกติ,0,0,0,0,ยางเเตก
2016-11-19,00:45:45,ฉลองรัช,ปกติ,0,0,0,0,โรคประจำตัว
2017-04-25,05:20:20,ฉลองรัช,ปกติ,1,0,0,0,เชี่ยวชน
2017-08-09,19:10:10,ฉลองรัช,ปกติ,0,0,0,0,.
2017-02-24,20:51:51,ฉลองรัช,ปกติ,0,1,0,0,รถจอดเลนกลางโดนชนท้าย
2017-01-28,20:56:56,ฉลองรัช,ปกติ,0,0,0,0,ขับรถปาดกันไป มา
2017-09-24,06:52:52,ฉลองรัช,ปกติ,0,1,0,0,-
2017-08-08,20:26:26,ฉลองรัช,ปกติ,0,0,0,0,.
2017-06-23,08:20:20,ฉลองรัช,ปกติ,0,1,0,0,มีรถปาดหน้า
2017-06-24,17:37:37,ฉลองรัช,ปกติ,1,0,0,0,มึนเมา
2017-03-11,00:34:34,ฉลองรัช,ปกติ,1,2,0,0,วิ่งย้อนทางลงสุขุมวิท50ขึ้นมา
2017-05-30,16:46:46,ฉลองรัช,ปกติ,0,0,0,0,เบรคกะทันหัน
2017-04-18,10:30:30,ฉลองรัช,ปกติ,0,0,0,0,โดนปาดหน้า
2017-07-21,21:30:30,ฉลองรัช,ปกติ,1,0,0,0,ย้อนทางลงขึ้นมา
2017-02-27,22:59:59,ฉลองรัช,ปกติ,0,1,0,0,ขับรถเร็ว
2017-06-01,12:04:04,บูรพาวิถี,ปกติ,0,0,0,0,ผู้ขับขี่ขับรถประมาณ
2016-10-24,19:40:40,บูรพาวิถี,ปกติ,0,0,0,0,มึนเมา
2016-11-09,12:38:38,บูรพาวิถี,ปกติ,0,0,0,0,ขับรถช้าลง
2017-01-21,03:29:29,บูรพาวิถี,ปกติ,0,0,0,0,เข้าช่องเก็บเงินผิด
2017-06-21,22:01:01,อุดรรัถยา,ปกติ,0,0,0,0,เบรกกะทันหัน
2017-03-07,16:11:11,เฉลิมมหานคร,ปกติ,0,0,0,0,ยางระเบิด
2017-05-25,22:10:10,เฉลิมมหานคร,ปกติ,0,0,0,0,ขับรถประมาท
2016-10-28,18:17:17,เฉลิมมหานคร,ปกติ,0,1,0,0,โรคประจำตัว
2017-02-23,11:40:40,เฉลิมมหานคร,ปกติ,0,0,0,0,ล้อหลุด
2017-05-10,12:07:07,เฉลิมมหานคร,ปกติ,1,0,0,0,เบรคกระทันหัน
2017-08-17,02:20:20,เฉลิมมหานคร,ปกติ,1,0,0,0,ชนท้ายรถบรรทุก
2017-02-10,03:10:10,เฉลิมมหานคร,ปกติ,1,0,0,0,มึนเมาแล้วขี่ย้อนศรทางเข้าด่าน
2017-02-03,05:02:02,เฉลิมมหานคร,ปกติ,0,0,0,0,ตัวรถสูง
2017-01-11,11:03:03,เฉลิมมหานคร,ปกติ,0,0,0,0,บรรทุกเกินตัวรถ
2017-03-04,13:44:44,บางพลี-สุขสวัสดิ์,ปกติ,1,2,0,0,ผู้ขับขี่เบรคไม่ทัน
2017-03-09,11:04:04,บางพลี-สุขสวัสดิ์,ปกติ,0,0,0,0,ประมาณ
2017-06-01,09:52:52,บางพลี-สุขสวัสดิ์,ปกติ,1,0,0,0,ยางระเบิด
2017-05-31,20:48:48,บางพลี-สุขสวัสดิ์,ปกติ,0,0,0,0,มึนเมา
2017-06-01,14:16:16,บางพลี-สุขสวัสดิ์,ปกติ,0,0,0,0,เบรคแตก
2016-10-02,15:41:41,บางพลี-สุขสวัสดิ์,ปกติ,0,0,0,0,หลบจักรยานยนต์
2017-09-01,09:36:36,บางพลี-สุขสวัสดิ์,ปกติ,0,0,0,0,ขับรถช้าลง
2017-04-02,20:44:44,บางพลี-สุขสวัสดิ์,ปกติ,1,0,0,0,ฝนตกถนนลื่น
2016-10-11,20:30:30,บางพลี-สุขสวัสดิ์,ปกติ,0,0,0,0,ลงผิดทางถอยหลัง
2017-04-26,19:44:44,บางพลี-สุขสวัสดิ์,ปกติ,0,0,0,0,เบรกกระทันหัน
2017-01-29,00:18:18,บางพลี-สุขสวัสดิ์,ปกติ,0,0,0,0,บรรทุกสิ่งของกว้างเกินไป
2017-08-26,21:54:54,บางพลี-สุขสวัสดิ์,ปกติ,0,0,0,0,ถอยหลบมองไม่เห็นชนป้ายจราจร
2017-08-12,13:55:55,บางพลี-สุขสวัสดิ์,ปกติ,0,0,0,0,ขับรถในช่องทางฉุกเฉิน
2017-07-23,21:59:59,บางพลี-สุขสวัสดิ์,ปกติ,1,0,0,0,ขับรถเร็ว ประมาท
2017-03-02,21:32:32,บางพลี-สุขสวัสดิ์,ปกติ,0,0,0,0,มึนเมา
2017-04-19,11:14:14,บางพลี-สุขสวัสดิ์,ปกติ,0,0,0,0,เบรคแตก
2017-03-23,12:43:43,บางพลี-สุขสวัสดิ์,ปกติ,0,0,0,0,บรรทุกสูง
2017-09-18,09:15:15,บางพลี-สุขสวัสดิ์,ปกติ,0,0,0,0,ขับรถช้าลง
2016-10-16,10:27:27,บางพลี-สุขสวัสดิ์,ท้องฟ้ามืดครึ้ม,0,1,0,0,เบรคกระทันหัน
2017-05-15,08:45:45,ศรีรัช-วงแหวนรอบนอก,ปกติ,0,1,0,0,ผู้ขับขี่เบรคกระทันหัน
2016-12-26,08:16:16,ศรีรัช-วงแหวนรอบนอก,ปกติ,0,0,0,0,โรคประจำตัว
2017-06-10,11:34:34,ศรีรัช-วงแหวนรอบนอก,ปกติ,0,0,0,0,เบรคกระทันหัน
2016-10-11,15:08:08,ศรีรัช-วงแหวนรอบนอก,ปกติ,0,0,0,0,ก้มเก็บโทรศัพย์
2017-08-02,16:40:40,ศรีรัช-วงแหวนรอบนอก,ฝนตก,1,1,0,0,เสียหลักจากช่ิองทางด้านขวา
2016-10-24,16:02:02,ทางหลวงพิเศษหมายเลข 37,ปกติ,1,0,0,0,ขับรถมุดเลนซ้าย
2017-04-29,03:17:17,ทางหลวงพิเศษหมายเลข 37,ฝนตก,0,0,0,0,ฝนตกถนนลื่น
2017-03-25,10:16:16,ทางหลวงพิเศษหมายเลข 37,ปกติ,1,1,0,0,เดินรถไหล่ทางซ้าย
2017-06-14,18:41:41,ทางหลวงพิเศษหมายเลข 37,ปกติ,0,0,0,0,ขับรถด้วยความประมาท
2016-12-28,07:25:25,ทางหลวงพิเศษหมายเลข 37,ปกติ,0,0,0,0,เดินรถบนไหล่ทางซ้าย
2017-08-06,05:34:34,ทางหลวงพิเศษหมายเลข 37,ปกติ,0,0,0,0,ชนแล้วหลบหนี
2017-08-24,07:18:18,ทางหลวงพิเศษหมายเลข 37,ปกติ,0,0,0,0,ยางแตกเสียหลัก
2017-08-09,10:12:12,ทางหลวงพิเศษหมายเลข 37,ปกติ,0,0,0,0,ขับรถประมาท
2017-06-12,07:20:20,เฉลิมมหานคร,ปกติ,0,0,0,0,ประมาท
2016-11-15,18:41:41,บางพลี-สุขสวัสดิ์,ปกติ,0,0,0,0,ประมาท
2017-03-01,11:15:15,บางพลี-สุขสวัสดิ์,ปกติ,0,0,0,0,ประมาท
2017-02-02,10:54:54,บางพลี-สุขสวัสดิ์,ปกติ,0,0,0,0,ประมาท
2017-06-16,18:23:23,บางพลี-สุขสวัสดิ์,ปกติ,0,0,0,0,ประมาท
2017-02-07,20:05:05,ทางหลวงพิเศษหมายเลข 37,ปกติ,0,0,0,0,ประมาท
2017-06-29,13:09:09,ทางหลวงพิเศษหมายเลข 37,ปกติ,1,1,0,0,ประมาท
2017-07-04,08:46:46,ทางหลวงพิเศษหมายเลข 37,ปกติ,1,0,0,0,ประมาท
2017-06-16,14:56:56,ทางหลวงพิเศษหมายเลข 37,ปกติ,0,0,0,0,ประมาท
2017-09-02,04:11:11,S1,ปกติ,1,0,0,0,หลับใน
2017-06-25,04:05:05,S1,ปกติ,0,0,0,0,หลับใน
2017-08-02,23:41:41,ศรีรัช,ปกติ,2,0,0,0,หลับใน
2017-06-15,02:35:35,ศรีรัช,ปกติ,0,0,0,0,หลับใน
2017-07-28,05:31:31,ศรีรัช,ปกติ,0,0,0,0,หลับใน
2017-09-03,14:56:56,ศรีรัช,ปกติ,0,0,0,0,หลับใน
2017-04-10,02:00:00,ศรีรัช,ปกติ,0,0,0,0,หลับใน
2017-09-30,03:19:19,ศรีรัช,ปกติ,0,0,0,0,หลับใน
2017-01-20,02:39:39,ศรีรัช,ปกติ,0,0,0,0,หลับใน
2017-06-18,01:37:37,ศรีรัช,ปกติ,1,0,0,0,หลับใน
2017-05-28,03:56:56,ศรีรัช,ปกติ,1,0,0,0,หลับใน
2016-12-03,04:13:13,ศรีรัช,ปกติ,0,0,0,0,หลับใน
2016-12-24,05:11:11,ศรีรัช,ปกติ,0,1,0,0,หลับใน
2016-10-01,02:48:48,ศรีรัช,ปกติ,0,1,0,0,หลับใน
2017-02-18,06:29:29,ศรีรัช,ปกติ,0,0,0,0,หลับใน
2017-05-10,04:30:30,ฉลองรัช,ปกติ,0,0,0,0,หลับใน
2017-02-06,06:40:40,บูรพาวิถี,ปกติ,0,0,0,0,หลับใน
2017-06-24,22:06:06,บูรพาวิถี,ปกติ,1,0,0,0,หลับใน
2017-08-04,05:45:45,บูรพาวิถี,ปกติ,0,0,0,0,หลับใน
2017-01-11,00:52:52,บูรพาวิถี,ปกติ,1,0,0,0,หลับใน
2017-07-22,00:41:41,บูรพาวิถี,ปกติ,0,0,0,0,หลับใน
2017-06-29,05:40:40,อุดรรัถยา,ปกติ,0,0,0,0,หลับใน
2017-01-06,16:44:44,อุดรรัถยา,ปกติ,0,0,0,0,หลับใน
2017-08-01,11:52:52,อุดรรัถยา,ปกติ,0,0,0,0,หลับใน
2017-01-27,23:28:28,อุดรรัถยา,ปกติ,1,0,0,0,หลับใน
2017-06-29,05:40:40,อุดรรัถยา,ปกติ,0,0,0,0,หลับใน
2017-08-05,14:24:24,อุดรรัถยา,ปกติ,1,0,0,0,หลับใน
2017-03-20,14:10:10,อุดรรัถยา,ปกติ,2,0,0,0,หลับใน
2016-10-01,01:40:40,อุดรรัถยา,ปกติ,1,0,0,0,หลับใน
2016-10-21,03:05:05,เฉลิมมหานคร,ปกติ,0,0,1,0,หลับใน
2017-02-14,23:37:37,เฉลิมมหานคร,ปกติ,0,0,0,0,หลับใน
2016-10-10,01:28:28,เฉลิมมหานคร,ปกติ,0,0,0,0,หลับใน
2016-11-18,03:12:12,บางพลี-สุขสวัสดิ์,ปกติ,0,0,0,0,หลับใน
2016-12-20,03:26:26,บางพลี-สุขสวัสดิ์,ปกติ,0,0,0,0,หลับใน
2017-07-06,08:18:18,บางพลี-สุขสวัสดิ์,ปกติ,1,1,0,0,หลับใน
2017-07-10,05:05:05,บางพลี-สุขสวัสดิ์,ปกติ,0,0,0,0,หลับใน
2017-07-31,03:33:33,บางพลี-สุขสวัสดิ์,ปกติ,2,3,1,0,หลับใน
2017-02-01,05:50:50,บางพลี-สุขสวัสดิ์,ปกติ,0,0,0,0,หลับใน
2017-01-22,06:02:02,บางพลี-สุขสวัสดิ์,ปกติ,1,1,0,0,หลับใน
2017-06-21,03:36:36,บางพลี-สุขสวัสดิ์,ปกติ,0,0,0,0,หลับใน
2017-07-26,00:44:44,บางพลี-สุขสวัสดิ์,ปกติ,0,0,0,0,หลับใน
2017-06-30,01:36:36,บางพลี-สุขสวัสดิ์,ปกติ,1,1,0,0,หลับใน
2017-02-07,00:54:54,บางพลี-สุขสวัสดิ์,ปกติ,0,0,0,0,หลับใน
2016-12-29,10:46:46,ศรีรัช-วงแหวนรอบนอก,ปกติ,0,0,0,0,หลับใน
2017-07-08,11:05:05,ทางหลวงพิเศษหมายเลข 37,ปกติ,0,0,0,0,หลับใน
2017-08-16,23:00:00,S1,ฝนตก,0,1,0,0,ขับรถเร็วเกินไป
2017-05-04,14:11:11,S1,ปกติ,0,0,0,0,ขับรถเร็วเกินไป
2017-06-27,20:10:10,S1,ปกติ,0,0,0,0,ขับรถเร็วเกินไป
2017-03-01,01:20:20,S1,ปกติ,1,2,0,0,ขับรถเร็วเกินไป
2017-05-03,18:17:17,ศรีรัช,ปกติ,0,0,0,0,ขับรถเร็วเกินไป
2017-08-26,18:41:41,ศรีรัช,ปกติ,0,0,0,0,ขับรถเร็วเกินไป
2017-03-02,12:24:24,ศรีรัช,ปกติ,0,0,0,0,ขับรถเร็วเกินไป
2017-06-28,00:43:43,ศรีรัช,ปกติ,0,0,0,0,ขับรถเร็วเกินไป
2017-08-04,10:29:29,ศรีรัช,ปกติ,0,0,0,0,ขับรถเร็วเกินไป
2017-03-06,15:07:07,ศรีรัช,ปกติ,0,0,0,0,ขับรถเร็วเกินไป
2016-11-11,10:13:13,ศรีรัช,ปกติ,0,0,0,0,ขับรถเร็วเกินไป
2017-08-16,21:42:42,ศรีรัช,ปกติ,0,1,0,0,ขับรถเร็วเกินไป
2017-04-28,21:45:45,ศรีรัช,ปกติ,0,0,0,0,ขับรถเร็วเกินไป
2017-03-27,02:20:20,ศรีรัช,ฝนตก,1,3,0,0,ขับรถเร็วเกินไป
2017-04-28,22:50:50,ศรีรัช,ปกติ,1,1,0,0,ขับรถเร็วเกินไป
2017-04-30,17:50:50,ศรีรัช,ปกติ,0,0,0,0,ขับรถเร็วเกินไป
2016-10-28,23:48:48,ศรีรัช,ปกติ,0,1,0,0,ขับรถเร็วเกินไป
2017-07-13,00:07:07,ศรีรัช,ฝนตก,0,2,0,0,ขับรถเร็วเกินไป
2016-10-01,02:45:45,ศรีรัช,ปกติ,0,0,0,0,ขับรถเร็วเกินไป
2017-06-10,12:35:35,ศรีรัช,ปกติ,0,0,0,0,ขับรถเร็วเกินไป
2016-10-01,17:31:31,ศรีรัช,ปกติ,0,0,0,0,ขับรถเร็วเกินไป
2016-10-28,09:33:33,ศรีรัช,ปกติ,0,0,0,0,ขับรถเร็วเกินไป
2017-01-26,11:44:44,ศรีรัช,ปกติ,0,0,0,0,ขับรถเร็วเกินไป
2017-06-17,16:04:04,ศรีรัช,ปกติ,0,0,0,0,ขับรถเร็วเกินไป
2016-11-14,12:29:29,ศรีรัช,ปกติ,0,0,0,0,ขับรถเร็วเกินไป
2017-04-25,18:14:14,ศรีรัช,ปกติ,0,0,0,0,ขับรถเร็วเกินไป
2017-06-29,02:23:23,ศรีรัช,ปกติ,0,0,0,0,ขับรถเร็วเกินไป
2017-06-08,13:33:33,ศรีรัช,ปกติ,0,0,0,0,ขับรถเร็วเกินไป
2016-12-11,01:08:08,ศรีรัช,ปกติ,0,0,0,0,ขับรถเร็วเกินไป
2017-03-22,19:20:20,ศรีรัช,ปกติ,0,0,0,0,ขับรถเร็วเกินไป
2017-01-14,00:10:10,ศรีรัช,ปกติ,0,0,0,0,ขับรถเร็วเกินไป
2017-03-03,22:37:37,ศรีรัช,ปกติ,0,0,0,0,ขับรถเร็วเกินไป
2016-11-05,22:35:35,ศรีรัช,ปกติ,0,0,0,0,ขับรถเร็วเกินไป
2017-09-16,21:23:23,ศรีรัช,ปกติ,0,0,0,0,ขับรถเร็วเกินไป
2016-10-24,07:50:50,ศรีรัช,ปกติ,0,0,0,0,ขับรถเร็วเกินไป
2016-11-05,08:23:23,ศรีรัช,ปกติ,1,0,0,0,ขับรถเร็วเกินไป
2017-02-13,23:23:23,ศรีรัช,ปกติ,0,3,0,0,ขับรถเร็วเกินไป
2017-03-10,15:50:50,ศรีรัช,ปกติ,0,0,0,0,ขับรถเร็วเกินไป
2017-03-03,23:19:19,ศรีรัช,ปกติ,0,0,0,0,ขับรถเร็วเกินไป
2017-07-06,18:05:05,ศรีรัช,ปกติ,0,0,0,0,ขับรถเร็วเกินไป
2017-06-09,17:52:52,ศรีรัช,ปกติ,0,0,0,0,ขับรถเร็วเกินไป
2017-05-18,12:36:36,ศรีรัช,ปกติ,0,0,0,0,ขับรถเร็วเกินไป
2017-08-23,08:06:06,ศรีรัช,ปกติ,0,0,0,0,ขับรถเร็วเกินไป
2016-12-09,14:48:48,ศรีรัช,ปกติ,0,0,0,0,ขับรถเร็วเกินไป
2016-12-11,00:46:46,ศรีรัช,ปกติ,0,0,0,0,ขับรถเร็วเกินไป
2017-09-16,22:45:45,ศรีรัช,ปกติ,0,0,0,0,ขับรถเร็วเกินไป
2017-08-06,13:50:50,ศรีรัช,ปกติ,0,0,0,0,ขับรถเร็วเกินไป
2017-03-23,03:47:47,ศรีรัช,ปกติ,0,0,0,0,ขับรถเร็วเกินไป
2017-04-29,05:24:24,ศรีรัช,ปกติ,0,0,0,0,ขับรถเร็วเกินไป
2017-04-25,17:40:40,ศรีรัช,ปกติ,0,0,0,0,ขับรถเร็วเกินไป
2017-09-14,13:35:35,ศรีรัช,ปกติ,0,0,0,0,ขับรถเร็วเกินไป
2017-06-28,01:42:42,ศรีรัช,ปกติ,0,1,0,0,ขับรถเร็วเกินไป
2017-02-08,22:05:05,ศรีรัช,ปกติ,0,0,0,0,ขับรถเร็วเกินไป
2016-12-27,01:22:22,ศรีรัช,ปกติ,0,0,0,0,ขับรถเร็วเกินไป
2016-11-12,12:35:35,ศรีรัช,ปกติ,0,0,0,0,ขับรถเร็วเกินไป
2016-11-19,14:00:00,ศรีรัช,ปกติ,0,0,0,0,ขับรถเร็วเกินไป
2017-02-18,01:10:10,ศรีรัช,ปกติ,0,0,0,0,ขับรถเร็วเกินไป
2017-09-15,23:52:52,ศรีรัช,ปกติ,0,0,0,0,ขับรถเร็วเกินไป
2017-09-17,13:10:10,ศรีรัช,ปกติ,0,0,0,0,ขับรถเร็วเกินไป
2017-08-15,22:15:15,ศรีรัช,ฝนตก,0,0,0,0,ขับรถเร็วเกินไป
2016-10-26,05:14:14,ศรีรัช,ฝนตก,0,0,0,0,ขับรถเร็วเกินไป
2016-12-02,21:57:57,ศรีรัช,ปกติ,0,0,0,0,ขับรถเร็วเกินไป
2016-10-18,23:56:56,ศรีรัช,ปกติ,0,0,0,0,ขับรถเร็วเกินไป
2017-06-22,12:37:37,ศรีรัช,ปกติ,0,0,0,0,ขับรถเร็วเกินไป
2017-05-28,02:08:08,ศรีรัช,ปกติ,0,0,0,0,ขับรถเร็วเกินไป
2017-04-21,22:57:57,ศรีรัช,ปกติ,0,0,0,0,ขับรถเร็วเกินไป
2017-09-18,19:09:09,ศรีรัช,ปกติ,0,0,0,0,ขับรถเร็วเกินไป
2017-02-28,10:48:48,ศรีรัช,ปกติ,0,0,0,0,ขับรถเร็วเกินไป
2017-07-19,00:12:12,ศรีรัช,ปกติ,0,0,0,0,ขับรถเร็วเกินไป
2017-06-02,12:37:37,ศรีรัช,ปกติ,3,1,0,0,ขับรถเร็วเกินไป
2016-11-03,19:57:57,ศรีรัช,ปกติ,0,0,0,0,ขับรถเร็วเกินไป
2017-09-07,20:09:09,ศรีรัช,ปกติ,1,1,0,0,ขับรถเร็วเกินไป
2017-08-17,10:52:52,ศรีรัช,ปกติ,0,0,0,0,ขับรถเร็วเกินไป
2016-11-26,02:20:20,ศรีรัช,ปกติ,0,0,0,0,ขับรถเร็วเกินไป
2017-07-07,11:33:33,ศรีรัช,ปกติ,0,0,0,0,ขับรถเร็วเกินไป
2017-03-27,01:31:31,ศรีรัช,ฝนตก,0,0,0,0,ขับรถเร็วเกินไป
2016-10-08,23:26:26,ศรีรัช,ปกติ,0,0,0,0,ขับรถเร็วเกินไป
2017-02-06,09:21:21,ศรีรัช,ปกติ,0,0,0,0,ขับรถเร็วเกินไป
2017-05-21,04:48:48,ศรีรัช,ปกติ,0,0,0,0,ขับรถเร็วเกินไป
2016-10-16,11:59:59,ศรีรัช,ปกติ,0,0,0,0,ขับรถเร็วเกินไป
2017-04-28,13:05:05,ศรีรัช,ปกติ,0,0,0,0,ขับรถเร็วเกินไป
2017-08-14,11:26:26,ศรีรัช,ปกติ,1,3,0,0,ขับรถเร็วเกินไป
2017-02-10,16:41:41,ศรีรัช,ปกติ,0,0,0,0,ขับรถเร็วเกินไป
2016-10-29,01:38:38,ศรีรัช,ปกติ,0,0,0,0,ขับรถเร็วเกินไป
2017-06-01,00:32:32,ศรีรัช,ปกติ,1,0,0,0,ขับรถเร็วเกินไป
2017-07-14,08:22:22,ศรีรัช,ปกติ,0,0,0,0,ขับรถเร็วเกินไป
2016-10-08,21:57:57,ศรีรัช,ปกติ,1,1,0,0,ขับรถเร็วเกินไป
2017-08-17,11:38:38,ศรีรัช,ปกติ,0,0,0,0,ขับรถเร็วเกินไป
2017-05-04,09:48:48,ศรีรัช,ปกติ,0,0,0,0,ขับรถเร็วเกินไป
2017-08-12,07:07:07,ศรีรัช,ปกติ,0,0,0,0,ขับรถเร็วเกินไป
2016-10-06,19:41:41,ศรีรัช,ปกติ,1,0,0,0,ขับรถเร็วเกินไป
2017-04-21,22:25:25,ศรีรัช,ปกติ,0,2,0,0,ขับรถเร็วเกินไป
2017-08-27,02:26:26,ศรีรัช,ฝนตก,0,0,0,0,ขับรถเร็วเกินไป
2017-08-25,01:00:00,ศรีรัช,ปกติ,0,0,0,0,ขับรถเร็วเกินไป
2017-03-01,11:49:49,ศรีรัช,ปกติ,0,0,0,0,ขับรถเร็วเกินไป
2016-12-09,19:11:11,ศรีรัช,ปกติ,0,0,0,0,ขับรถเร็วเกินไป
2016-12-27,00:08:08,ศรีรัช,ปกติ,0,0,0,0,ขับรถเร็วเกินไป
2017-04-05,13:30:30,ศรีรัช,ปกติ,0,0,0,0,ขับรถเร็วเกินไป
2017-02-15,18:27:27,ศรีรัช,ปกติ,0,0,0,0,ขับรถเร็วเกินไป
2016-11-20,01:23:23,ศรีรัช,ปกติ,1,0,0,0,ขับรถเร็วเกินไป
2017-02-22,23:11:11,ศรีรัช,ปกติ,0,0,0,0,ขับรถเร็วเกินไป
2017-07-31,03:07:07,ศรีรัช,ปกติ,1,0,0,0,ขับรถเร็วเกินไป
2016-11-08,10:00:00,ศรีรัช,ปกติ,0,0,0,0,ขับรถเร็วเกินไป
2017-04-19,11:21:21,ศรีรัช,ปกติ,0,0,0,0,ขับรถเร็วเกินไป
2017-03-16,10:35:35,ศรีรัช,ปกติ,1,0,0,0,ขับรถเร็วเกินไป
2016-12-05,01:23:23,ศรีรัช,ปกติ,0,0,0,0,ขับรถเร็วเกินไป
2017-01-13,21:36:36,ศรีรัช,ปกติ,0,0,0,0,ขับรถเร็วเกินไป
2016-11-23,12:19:19,ศรีรัช,ปกติ,1,0,0,0,ขับรถเร็วเกินไป
2016-11-05,11:45:45,ศรีรัช,ปกติ,0,0,0,0,ขับรถเร็วเกินไป
2016-10-18,00:52:52,ศรีรัช,ฝนตก,0,0,0,0,ขับรถเร็วเกินไป
2017-06-09,17:58:58,ศรีรัช,ปกติ,0,0,0,0,ขับรถเร็วเกินไป
2017-09-18,05:11:11,ศรีรัช,ปกติ,0,1,0,0,ขับรถเร็วเกินไป
2017-08-04,03:56:56,ศรีรัช,ปกติ,0,0,0,0,ขับรถเร็วเกินไป
2017-03-18,22:25:25,ศรีรัช,ปกติ,0,0,0,0,ขับรถเร็วเกินไป
2017-06-03,19:59:59,ศรีรัช,ปกติ,0,0,0,0,ขับรถเร็วเกินไป
2017-02-12,16:00:00,ศรีรัช,ปกติ,0,0,0,0,ขับรถเร็วเกินไป
2017-03-26,13:15:15,ศรีรัช,ปกติ,0,0,0,0,ขับรถเร็วเกินไป
2017-08-05,23:25:25,ศรีรัช,ปกติ,0,0,0,0,ขับรถเร็วเกินไป
2017-01-02,12:54:54,ศรีรัช,ปกติ,0,1,0,0,ขับรถเร็วเกินไป
2017-06-18,17:22:22,ศรีรัช,ปกติ,0,0,0,0,ขับรถเร็วเกินไป
2017-07-27,09:35:35,ศรีรัช,ปกติ,0,0,0,0,ขับรถเร็วเกินไป
2017-02-09,10:34:34,ศรีรัช,ปกติ,0,1,0,0,ขับรถเร็วเกินไป
2017-07-27,10:37:37,ศรีรัช,ปกติ,0,0,0,0,ขับรถเร็วเกินไป
2017-09-15,23:52:52,ศรีรัช,ปกติ,0,0,0,0,ขับรถเร็วเกินไป
2017-04-26,16:18:18,ศรีรัช,ปกติ,0,0,0,0,ขับรถเร็วเกินไป
2017-09-15,21:01:01,ศรีรัช,ปกติ,0,1,0,0,ขับรถเร็วเกินไป
2016-12-26,14:50:50,ศรีรัช,ปกติ,0,0,0,0,ขับรถเร็วเกินไป
2017-07-06,04:01:01,ศรีรัช,ปกติ,0,0,0,0,ขับรถเร็วเกินไป
2017-06-09,09:15:15,ศรีรัช,ปกติ,0,0,0,0,ขับรถเร็วเกินไป
2016-12-12,09:42:42,ศรีรัช,ปกติ,0,0,0,0,ขับรถเร็วเกินไป
2016-11-08,02:54:54,ศรีรัช,ปกติ,0,0,0,0,ขับรถเร็วเกินไป
2017-07-19,00:40:40,ศรีรัช,ปกติ,0,0,0,1,ขับรถเร็วเกินไป
2016-10-09,04:16:16,ศรีรัช,ปกติ,0,0,0,0,ขับรถเร็วเกินไป
2017-06-15,07:04:04,ศรีรัช,ปกติ,0,0,0,0,ขับรถเร็วเกินไป
2017-02-03,03:43:43,ศรีรัช,ปกติ,1,0,0,0,ขับรถเร็วเกินไป
2016-11-02,13:00:00,ศรีรัช,ปกติ,0,0,0,0,ขับรถเร็วเกินไป
2017-06-22,20:15:15,ศรีรัช,ปกติ,0,0,0,0,ขับรถเร็วเกินไป
2017-07-28,17:01:01,ศรีรัช,ปกติ,0,0,0,0,ขับรถเร็วเกินไป
2016-11-24,19:52:52,ศรีรัช,ฝนตก,0,0,0,0,ขับรถเร็วเกินไป
2017-01-14,19:04:04,ศรีรัช,ปกติ,0,0,0,0,ขับรถเร็วเกินไป
2017-08-24,09:46:46,ศรีรัช,ปกติ,0,0,0,0,ขับรถเร็วเกินไป
2017-04-27,09:53:53,ศรีรัช,ปกติ,0,0,0,0,ขับรถเร็วเกินไป
2017-06-30,11:18:18,ศรีรัช,ปกติ,0,0,0,0,ขับรถเร็วเกินไป
2017-04-24,11:09:09,ศรีรัช,ปกติ,1,0,0,0,ขับรถเร็วเกินไป
2017-02-14,09:41:41,ศรีรัช,ปกติ,0,0,0,0,ขับรถเร็วเกินไป
2016-10-03,19:41:41,ศรีรัช,ฝนตก,0,1,0,0,ขับรถเร็วเกินไป
2017-02-10,07:19:19,ศรีรัช,ปกติ,0,0,0,0,ขับรถเร็วเกินไป
2017-02-06,08:55:55,ศรีรัช,ปกติ,0,0,0,0,ขับรถเร็วเกินไป
2017-09-17,11:54:54,ศรีรัช,ปกติ,0,1,0,0,ขับรถเร็วเกินไป
2016-11-19,05:15:15,ศรีรัช,ปกติ,0,0,0,0,ขับรถเร็วเกินไป
2016-11-07,07:05:05,ศรีรัช,ปกติ,0,0,0,0,ขับรถเร็วเกินไป
2016-10-21,02:25:25,ศรีรัช,ปกติ,0,0,0,0,ขับรถเร็วเกินไป
2016-10-11,07:46:46,ศรีรัช,ปกติ,1,0,0,0,ขับรถเร็วเกินไป
2017-05-20,20:45:45,ศรีรัช,ปกติ,0,0,0,0,ขับรถเร็วเกินไป
2017-04-21,19:42:42,ศรีรัช,ปกติ,0,0,0,0,ขับรถเร็วเกินไป
2016-11-23,18:23:23,ศรีรัช,ปกติ,0,0,0,0,ขับรถเร็วเกินไป
2017-08-24,13:08:08,ศรีรัช,ปกติ,0,0,0,0,ขับรถเร็วเกินไป
2017-06-20,00:20:20,ศรีรัช,ฝนตก,0,0,0,0,ขับรถเร็วเกินไป
2017-05-03,05:46:46,ศรีรัช,ปกติ,0,0,0,0,ขับรถเร็วเกินไป
2017-07-22,11:36:36,ศรีรัช,ปกติ,1,0,0,0,ขับรถเร็วเกินไป
2017-05-19,02:07:07,ศรีรัช,ปกติ,0,0,0,0,ขับรถเร็วเกินไป
2017-06-19,23:03:03,ศรีรัช,ปกติ,0,0,0,0,ขับรถเร็วเกินไป
2017-08-19,20:30:30,ศรีรัช,ปกติ,0,0,0,0,ขับรถเร็วเกินไป
2017-06-03,18:41:41,ศรีรัช,ปกติ,0,0,0,0,ขับรถเร็วเกินไป
2017-04-26,05:21:21,ศรีรัช,ปกติ,0,0,0,0,ขับรถเร็วเกินไป
2017-02-17,22:40:40,ศรีรัช,ปกติ,0,0,0,0,ขับรถเร็วเกินไป
2016-12-16,15:58:58,ศรีรัช,ปกติ,0,0,0,0,ขับรถเร็วเกินไป
2016-11-07,13:02:02,ศรีรัช,ปกติ,0,0,0,0,ขับรถเร็วเกินไป
2017-03-01,13:24:24,ศรีรัช,ปกติ,0,0,0,0,ขับรถเร็วเกินไป
2017-08-22,14:52:52,ศรีรัช,ปกติ,1,0,0,0,ขับรถเร็วเกินไป
2017-07-27,11:41:41,ศรีรัช,ปกติ,0,0,0,0,ขับรถเร็วเกินไป
2017-07-16,07:39:39,ศรีรัช,ปกติ,0,0,0,0,ขับรถเร็วเกินไป
2017-02-28,17:51:51,ศรีรัช,ปกติ,0,0,0,0,ขับรถเร็วเกินไป
2016-11-15,16:33:33,ศรีรัช,ปกติ,0,1,0,0,ขับรถเร็วเกินไป
2017-03-08,20:26:26,ฉลองรัช,ปกติ,0,0,0,0,ขับรถเร็วเกินไป
2017-08-06,03:06:06,ฉลองรัช,ปกติ,0,0,0,0,ขับรถเร็วเกินไป
2017-08-02,09:35:35,ฉลองรัช,ปกติ,0,0,0,0,ขับรถเร็วเกินไป
2016-11-03,06:42:42,ฉลองรัช,ปกติ,2,1,0,0,ขับรถเร็วเกินไป
2016-11-20,22:23:23,ฉลองรัช,ปกติ,1,1,0,0,ขับรถเร็วเกินไป
2016-12-08,19:48:48,ฉลองรัช,ปกติ,0,1,0,0,ขับรถเร็วเกินไป
2017-09-30,05:30:30,ฉลองรัช,ปกติ,1,1,0,0,ขับรถเร็วเกินไป
2016-11-02,11:20:20,ฉลองรัช,ปกติ,1,0,0,0,ขับรถเร็วเกินไป
2017-05-20,11:34:34,ฉลองรัช,ปกติ,0,0,0,0,ขับรถเร็วเกินไป
2016-10-20,20:00:00,ฉลองรัช,ปกติ,1,3,0,0,ขับรถเร็วเกินไป
2017-08-03,18:44:44,ฉลองรัช,ถนนเปียก,0,0,0,0,ขับรถเร็วเกินไป
2017-06-21,00:16:16,ฉลองรัช,ปกติ,0,0,0,0,ขับรถเร็วเกินไป
2017-01-23,15:00:00,ฉลองรัช,ปกติ,1,1,0,0,ขับรถเร็วเกินไป
2017-01-12,21:29:29,ฉลองรัช,ปกติ,0,0,0,0,ขับรถเร็วเกินไป
2017-09-10,16:18:18,ฉลองรัช,ปกติ,2,2,0,0,ขับรถเร็วเกินไป
2017-03-15,09:29:29,ฉลองรัช,ปกติ,0,1,0,0,ขับรถเร็วเกินไป
2016-12-01,18:05:05,ฉลองรัช,ปกติ,0,0,0,0,ขับรถเร็วเกินไป
2017-03-23,09:55:55,ฉลองรัช,ปกติ,0,0,0,0,ขับรถเร็วเกินไป
2017-08-22,14:45:45,ฉลองรัช,ปกติ,2,0,0,0,ขับรถเร็วเกินไป
2016-11-18,21:32:32,ฉลองรัช,ปกติ,0,0,0,0,ขับรถเร็วเกินไป
2017-06-02,10:55:55,ฉลองรัช,ปกติ,0,0,0,0,ขับรถเร็วเกินไป
2016-11-21,08:45:45,ฉลองรัช,ปกติ,0,0,0,0,ขับรถเร็วเกินไป
2017-07-18,02:30:30,ฉลองรัช,ปกติ,2,2,0,0,ขับรถเร็วเกินไป
2017-06-04,03:27:27,ฉลองรัช,ฝนตก,1,0,0,0,ขับรถเร็วเกินไป
2017-09-08,02:12:12,ฉลองรัช,ปกติ,1,0,0,0,ขับรถเร็วเกินไป
2017-04-28,08:00:00,ฉลองรัช,ปกติ,0,0,0,0,ขับรถเร็วเกินไป
2017-04-23,19:55:55,ฉลองรัช,ปกติ,0,1,0,0,ขับรถเร็วเกินไป
2017-04-23,13:32:32,ฉลองรัช,ปกติ,0,0,0,0,ขับรถเร็วเกินไป
2017-01-12,20:40:40,ฉลองรัช,ปกติ,0,0,0,0,ขับรถเร็วเกินไป
2016-11-24,15:03:03,ฉลองรัช,ปกติ,0,0,0,0,ขับรถเร็วเกินไป
2016-11-05,14:13:13,ฉลองรัช,ปกติ,0,0,0,0,ขับรถเร็วเกินไป
2016-12-27,12:35:35,ฉลองรัช,ปกติ,1,0,0,0,ขับรถเร็วเกินไป
2017-06-11,23:56:56,ฉลองรัช,ปกติ,2,0,0,0,ขับรถเร็วเกินไป
2017-01-27,01:56:56,ฉลองรัช,ปกติ,0,0,0,0,ขับรถเร็วเกินไป
2017-05-16,00:30:30,ฉลองรัช,ปกติ,0,1,0,0,ขับรถเร็วเกินไป
2017-03-07,06:28:28,ฉลองรัช,ปกติ,4,0,0,0,ขับรถเร็วเกินไป
2016-12-01,06:10:10,ฉลองรัช,ปกติ,3,1,0,0,ขับรถเร็วเกินไป
2017-08-08,01:20:20,ฉลองรัช,ฝนตก,0,0,0,0,ขับรถเร็วเกินไป
2017-07-29,02:20:20,ฉลองรัช,ปกติ,0,0,0,0,ขับรถเร็วเกินไป
2017-06-07,00:40:40,ฉลองรัช,ปกติ,0,0,0,0,ขับรถเร็วเกินไป
2017-05-13,11:48:48,ฉลองรัช,ปกติ,0,1,0,0,ขับรถเร็วเกินไป
2016-11-20,06:00:00,ฉลองรัช,ปกติ,0,0,0,0,ขับรถเร็วเกินไป
2017-03-11,06:30:30,บูรพาวิถี,ปกติ,0,0,0,0,ขับรถเร็วเกินไป
2017-05-23,01:52:52,บูรพาวิถี,ปกติ,0,0,0,0,ขับรถเร็วเกินไป
2017-09-03,23:37:37,บูรพาวิถี,ปกติ,3,2,0,0,ขับรถเร็วเกินไป
2017-03-18,13:17:17,บูรพาวิถี,ปกติ,0,0,0,0,ขับรถเร็วเกินไป
2016-12-19,15:53:53,บูรพาวิถี,ปกติ,0,0,1,0,ขับรถเร็วเกินไป
2016-10-12,13:50:50,บูรพาวิถี,ปกติ,0,0,0,0,ขับรถเร็วเกินไป
2017-08-20,13:58:58,บูรพาวิถี,ปกติ,2,0,0,0,ขับรถเร็วเกินไป
2017-09-28,15:00:00,บูรพาวิถี,ปกติ,0,2,0,0,ขับรถเร็วเกินไป
2016-11-22,04:07:07,บูรพาวิถี,ปกติ,0,1,0,0,ขับรถเร็วเกินไป
2016-11-29,13:44:44,บูรพาวิถี,ปกติ,0,0,0,0,ขับรถเร็วเกินไป
2017-06-26,18:10:10,บูรพาวิถี,ปกติ,0,1,0,0,ขับรถเร็วเกินไป
2016-10-14,12:48:48,บูรพาวิถี,ปกติ,1,0,0,0,ขับรถเร็วเกินไป
2017-09-10,16:34:34,บูรพาวิถี,ปกติ,0,0,0,0,ขับรถเร็วเกินไป
2017-08-11,23:14:14,บูรพาวิถี,ปกติ,0,0,1,0,ขับรถเร็วเกินไป
2017-02-24,07:43:43,บูรพาวิถี,ปกติ,1,1,0,0,ขับรถเร็วเกินไป
2017-09-12,09:08:08,บูรพาวิถี,ปกติ,1,0,0,0,ขับรถเร็วเกินไป
2017-01-10,06:55:55,บูรพาวิถี,ฝนตก,0,0,0,0,ขับรถเร็วเกินไป
2016-12-16,18:03:03,บูรพาวิถี,ปกติ,0,0,0,0,ขับรถเร็วเกินไป
2016-10-27,14:30:30,บูรพาวิถี,ฝนตก,2,0,0,0,ขับรถเร็วเกินไป
2017-01-04,09:30:30,บูรพาวิถี,ปกติ,0,1,0,0,ขับรถเร็วเกินไป
2017-05-25,05:29:29,บูรพาวิถี,ปกติ,0,0,0,0,ขับรถเร็วเกินไป
2016-10-04,20:20:20,บูรพาวิถี,ฝนตก,0,0,0,0,ขับรถเร็วเกินไป
2017-08-15,23:10:10,บูรพาวิถี,ฝนตก,0,0,0,0,ขับรถเร็วเกินไป
2017-02-02,15:29:29,บูรพาวิถี,ปกติ,0,1,0,0,ขับรถเร็วเกินไป
2017-08-17,02:55:55,บูรพาวิถี,ปกติ,1,1,0,0,ขับรถเร็วเกินไป
2016-12-08,02:07:07,บูรพาวิถี,ปกติ,1,1,0,0,ขับรถเร็วเกินไป
2016-10-27,17:44:44,บูรพาวิถี,ปกติ,1,1,0,0,ขับรถเร็วเกินไป
2017-06-22,11:09:09,บูรพาวิถี,ปกติ,0,2,0,0,ขับรถเร็วเกินไป
2017-05-16,22:53:53,บูรพาวิถี,ปกติ,1,1,0,0,ขับรถเร็วเกินไป
2017-03-05,18:00:00,บูรพาวิถี,ปกติ,0,0,0,0,ขับรถเร็วเกินไป
2017-08-22,16:14:14,บูรพาวิถี,ปกติ,0,0,0,0,ขับรถเร็วเกินไป
2017-07-01,01:00:00,บูรพาวิถี,ปกติ,0,0,0,0,ขับรถเร็วเกินไป
2016-10-21,11:35:35,บูรพาวิถี,ปกติ,0,0,0,0,ขับรถเร็วเกินไป
2017-04-03,01:00:00,บูรพาวิถี,ปกติ,3,3,0,0,ขับรถเร็วเกินไป
2017-06-23,00:35:35,บูรพาวิถี,ปกติ,3,0,0,0,ขับรถเร็วเกินไป
2017-05-10,00:01:01,บูรพาวิถี,ปกติ,0,0,0,0,ขับรถเร็วเกินไป
2017-03-13,08:24:24,บูรพาวิถี,ปกติ,0,0,0,0,ขับรถเร็วเกินไป
2017-07-03,18:07:07,บูรพาวิถี,ปกติ,0,0,0,0,ขับรถเร็วเกินไป
2017-02-18,02:58:58,บูรพาวิถี,ปกติ,0,0,0,0,ขับรถเร็วเกินไป
2017-06-17,16:39:39,บูรพาวิถี,ปกติ,0,0,0,0,ขับรถเร็วเกินไป
2017-04-04,17:26:26,บูรพาวิถี,ปกติ,0,0,0,0,ขับรถเร็วเกินไป
2017-05-02,13:19:19,บูรพาวิถี,ปกติ,0,0,0,0,ขับรถเร็วเกินไป
2017-01-16,17:26:26,บูรพาวิถี,ปกติ,0,0,0,0,ขับรถเร็วเกินไป
2017-08-05,10:50:50,บูรพาวิถี,ปกติ,1,0,0,0,ขับรถเร็วเกินไป
2017-07-20,03:24:24,บูรพาวิถี,ปกติ,0,1,0,0,ขับรถเร็วเกินไป
2017-04-30,16:24:24,บูรพาวิถี,ปกติ,0,1,0,0,ขับรถเร็วเกินไป
2017-06-30,06:04:04,บูรพาวิถี,ปกติ,0,0,0,0,ขับรถเร็วเกินไป
2017-09-27,00:33:33,บูรพาวิถี,ปกติ,1,1,0,0,ขับรถเร็วเกินไป
2017-06-09,21:44:44,บูรพาวิถี,ปกติ,0,0,0,0,ขับรถเร็วเกินไป
2017-08-06,13:32:32,บูรพาวิถี,ปกติ,2,8,0,0,ขับรถเร็วเกินไป
2016-12-20,16:40:40,บูรพาวิถี,ปกติ,0,0,0,0,ขับรถเร็วเกินไป
2017-01-24,21:21:21,บูรพาวิถี,ปกติ,0,0,0,0,ขับรถเร็วเกินไป
2016-12-24,14:44:44,บูรพาวิถี,ปกติ,0,0,0,0,ขับรถเร็วเกินไป
2016-11-09,21:50:50,บูรพาวิถี,ปกติ,0,0,0,0,ขับรถเร็วเกินไป
2017-03-17,19:50:50,บูรพาวิถี,ปกติ,0,0,0,0,ขับรถเร็วเกินไป
2017-01-09,01:19:19,บูรพาวิถี,ปกติ,0,0,0,0,ขับรถเร็วเกินไป
2017-04-27,08:10:10,บูรพาวิถี,ปกติ,0,0,0,0,ขับรถเร็วเกินไป
2016-11-13,18:21:21,บูรพาวิถี,ปกติ,0,0,0,0,ขับรถเร็วเกินไป
2016-10-04,08:32:32,บูรพาวิถี,ปกติ,2,1,0,0,ขับรถเร็วเกินไป
2017-05-18,12:04:04,บูรพาวิถี,ปกติ,0,0,0,0,ขับรถเร็วเกินไป
2016-11-03,07:15:15,บูรพาวิถี,ปกติ,0,0,0,0,ขับรถเร็วเกินไป
2016-10-28,16:57:57,บูรพาวิถี,ปกติ,0,0,0,0,ขับรถเร็วเกินไป
2017-02-07,06:50:50,บูรพาวิถี,ปกติ,0,0,0,0,ขับรถเร็วเกินไป
2017-06-18,16:30:30,บูรพาวิถี,ปกติ,0,0,0,0,ขับรถเร็วเกินไป
2017-02-02,17:22:22,บูรพาวิถี,ปกติ,0,0,0,0,ขับรถเร็วเกินไป
2017-09-06,01:46:46,บูรพาวิถี,ปกติ,2,0,0,0,ขับรถเร็วเกินไป
2016-11-17,18:14:14,บูรพาวิถี,ปกติ,0,2,0,0,ขับรถเร็วเกินไป
2017-08-01,06:35:35,บูรพาวิถี,ปกติ,0,0,0,0,ขับรถเร็วเกินไป
2017-07-02,22:11:11,บูรพาวิถี,ปกติ,1,1,0,0,ขับรถเร็วเกินไป
2017-06-17,08:42:42,บูรพาวิถี,ปกติ,1,1,0,0,ขับรถเร็วเกินไป
2016-10-23,14:20:20,บูรพาวิถี,ปกติ,0,0,0,0,ขับรถเร็วเกินไป
2017-08-26,06:22:22,บูรพาวิถี,ปกติ,0,0,0,0,ขับรถเร็วเกินไป
2017-08-24,04:35:35,บูรพาวิถี,ปกติ,0,0,0,0,ขับรถเร็วเกินไป
2017-02-10,03:21:21,บูรพาวิถี,ปกติ,4,0,0,0,ขับรถเร็วเกินไป
2016-10-04,11:52:52,บูรพาวิถี,ฝนตก,0,0,0,0,ขับรถเร็วเกินไป
2017-04-18,13:00:00,บูรพาวิถี,ปกติ,0,1,0,0,ขับรถเร็วเกินไป
2017-04-29,19:07:07,บูรพาวิถี,ปกติ,0,0,0,0,ขับรถเร็วเกินไป
2017-02-21,08:24:24,บูรพาวิถี,ปกติ,1,0,0,0,ขับรถเร็วเกินไป
2017-04-08,17:07:07,บูรพาวิถี,ปกติ,1,0,0,0,ขับรถเร็วเกินไป
2017-03-19,18:36:36,บูรพาวิถี,ปกติ,1,1,0,0,ขับรถเร็วเกินไป
2017-07-28,06:37:37,บูรพาวิถี,ปกติ,0,0,0,0,ขับรถเร็วเกินไป
2017-09-15,03:00:00,บูรพาวิถี,ปกติ,0,1,0,0,ขับรถเร็วเกินไป
2017-03-02,10:24:24,บูรพาวิถี,ปกติ,0,0,0,0,ขับรถเร็วเกินไป
2017-03-01,11:58:58,บูรพาวิถี,ปกติ,0,0,0,0,ขับรถเร็วเกินไป
2017-02-16,13:33:33,บูรพาวิถี,ปกติ,0,0,0,0,ขับรถเร็วเกินไป
2017-03-14,18:58:58,บูรพาวิถี,ปกติ,0,1,0,0,ขับรถเร็วเกินไป
2016-12-25,10:04:04,บูรพาวิถี,ปกติ,1,0,0,0,ขับรถเร็วเกินไป
2016-10-23,23:55:55,บูรพาวิถี,ปกติ,2,0,0,0,ขับรถเร็วเกินไป
2017-01-27,07:50:50,บูรพาวิถี,ปกติ,0,1,0,0,ขับรถเร็วเกินไป
2016-10-11,16:24:24,บูรพาวิถี,ปกติ,0,0,0,0,ขับรถเร็วเกินไป
2017-02-07,04:06:06,บูรพาวิถี,ปกติ,0,1,0,0,ขับรถเร็วเกินไป
2017-05-17,00:43:43,บูรพาวิถี,ฝนตก,0,0,0,0,ขับรถเร็วเกินไป
2017-02-16,12:28:28,บูรพาวิถี,ปกติ,0,0,0,0,ขับรถเร็วเกินไป
2017-02-01,14:54:54,บูรพาวิถี,ปกติ,0,0,0,0,ขับรถเร็วเกินไป
2017-08-07,06:30:30,บูรพาวิถี,ปกติ,0,0,0,0,ขับรถเร็วเกินไป
2017-08-25,11:26:26,บูรพาวิถี,ปกติ,0,0,0,0,ขับรถเร็วเกินไป
2017-03-06,04:30:30,บูรพาวิถี,ปกติ,2,0,0,0,ขับรถเร็วเกินไป
2016-12-29,10:20:20,บูรพาวิถี,ปกติ,1,0,0,0,ขับรถเร็วเกินไป
2017-01-11,18:30:30,บูรพาวิถี,ปกติ,0,0,0,0,ขับรถเร็วเกินไป
2017-08-15,23:55:55,บูรพาวิถี,ฝนตก,0,0,0,0,ขับรถเร็วเกินไป
2017-02-10,04:17:17,บูรพาวิถี,ปกติ,0,0,0,0,ขับรถเร็วเกินไป
2017-02-13,15:50:50,บูรพาวิถี,ปกติ,0,0,0,0,ขับรถเร็วเกินไป
2017-08-12,13:10:10,บูรพาวิถี,ปกติ,0,0,0,0,ขับรถเร็วเกินไป
2016-10-15,00:48:48,บูรพาวิถี,ปกติ,0,1,0,0,ขับรถเร็วเกินไป
2017-02-04,02:08:08,บูรพาวิถี,ปกติ,1,1,0,0,ขับรถเร็วเกินไป
2017-05-08,14:04:04,บูรพาวิถี,ปกติ,0,0,0,0,ขับรถเร็วเกินไป
2017-05-19,19:29:29,บูรพาวิถี,ฝนตก,0,1,0,0,ขับรถเร็วเกินไป
2017-06-29,13:20:20,บูรพาวิถี,ปกติ,0,4,0,0,ขับรถเร็วเกินไป
2017-01-20,22:38:38,บูรพาวิถี,ปกติ,1,0,0,0,ขับรถเร็วเกินไป
2016-11-14,07:05:05,บูรพาวิถี,ปกติ,0,0,0,0,ขับรถเร็วเกินไป
2017-06-04,00:10:10,บูรพาวิถี,ฝนตก,0,0,0,0,ขับรถเร็วเกินไป
2017-01-12,11:40:40,บูรพาวิถี,ปกติ,0,0,0,0,ขับรถเร็วเกินไป
2016-12-06,16:57:57,บูรพาวิถี,ปกติ,0,0,0,0,ขับรถเร็วเกินไป
2016-12-11,17:44:44,บูรพาวิถี,ปกติ,0,0,0,0,ขับรถเร็วเกินไป
2017-01-26,14:35:35,บูรพาวิถี,ปกติ,0,0,0,0,ขับรถเร็วเกินไป
2017-07-12,22:57:57,บูรพาวิถี,ฝนตก,0,0,0,0,ขับรถเร็วเกินไป
2017-09-18,11:41:41,บูรพาวิถี,ปกติ,0,1,0,0,ขับรถเร็วเกินไป
2016-10-17,17:27:27,บูรพาวิถี,ปกติ,0,0,0,0,ขับรถเร็วเกินไป
2017-09-05,07:10:10,บูรพาวิถี,ปกติ,0,0,0,0,ขับรถเร็วเกินไป
2017-02-14,08:20:20,บูรพาวิถี,ปกติ,1,0,0,0,ขับรถเร็วเกินไป
2017-08-09,23:55:55,บูรพาวิถี,ปกติ,1,1,0,0,ขับรถเร็วเกินไป
2017-08-31,02:38:38,บูรพาวิถี,ฝนตก,0,1,0,0,ขับรถเร็วเกินไป
2017-06-24,18:25:25,บูรพาวิถี,ปกติ,0,0,0,0,ขับรถเร็วเกินไป
2017-09-19,18:55:55,อุดรรัถยา,ปกติ,0,0,0,0,ขับรถเร็วเกินไป
2017-05-08,04:56:56,อุดรรัถยา,ปกติ,0,0,0,0,ขับรถเร็วเกินไป
2017-05-07,22:16:16,อุดรรัถยา,ปกติ,0,0,0,0,ขับรถเร็วเกินไป
2016-10-07,13:30:30,อุดรรัถยา,ปกติ,1,0,0,0,ขับรถเร็วเกินไป
2017-08-11,22:14:14,อุดรรัถยา,ปกติ,0,2,0,0,ขับรถเร็วเกินไป
2017-09-08,09:17:17,อุดรรัถยา,ปกติ,0,0,0,0,ขับรถเร็วเกินไป
2017-08-15,22:08:08,อุดรรัถยา,ฝนตก,1,0,0,0,ขับรถเร็วเกินไป
2017-02-15,16:32:32,อุดรรัถยา,ปกติ,0,0,0,0,ขับรถเร็วเกินไป
2017-07-06,19:29:29,อุดรรัถยา,ฝนตก,0,0,0,0,ขับรถเร็วเกินไป
2017-02-23,17:55:55,อุดรรัถยา,ปกติ,0,0,0,0,ขับรถเร็วเกินไป
2017-08-04,21:40:40,อุดรรัถยา,ปกติ,0,0,0,0,ขับรถเร็วเกินไป
2017-03-07,18:42:42,อุดรรัถยา,ปกติ,0,0,0,0,ขับรถเร็วเกินไป
2017-07-07,14:44:44,อุดรรัถยา,ฝนตก,0,0,0,0,ขับรถเร็วเกินไป
2016-12-16,20:23:23,อุดรรัถยา,ปกติ,0,0,0,0,ขับรถเร็วเกินไป
2017-05-26,12:00:00,อุดรรัถยา,ฝนตก,0,0,0,0,ขับรถเร็วเกินไป
2016-11-08,03:15:15,เฉลิมมหานคร,ฝนตก,3,2,0,0,ขับรถเร็วเกินไป
2017-03-01,18:42:42,เฉลิมมหานคร,ปกติ,0,1,0,0,ขับรถเร็วเกินไป
2017-01-09,22:10:10,เฉลิมมหานคร,ฝนตก,0,0,0,0,ขับรถเร็วเกินไป
2016-11-21,20:33:33,เฉลิมมหานคร,ปกติ,0,0,0,0,ขับรถเร็วเกินไป
2017-08-04,20:04:04,เฉลิมมหานคร,ปกติ,0,0,0,0,ขับรถเร็วเกินไป
2017-07-02,19:13:13,เฉลิมมหานคร,ปกติ,0,0,0,0,ขับรถเร็วเกินไป
2017-01-28,04:50:50,เฉลิมมหานคร,ปกติ,0,2,0,0,ขับรถเร็วเกินไป
2016-12-17,14:40:40,เฉลิมมหานคร,ปกติ,0,0,0,0,ขับรถเร็วเกินไป
2017-05-27,19:39:39,เฉลิมมหานคร,ฝนตก,1,0,0,0,ขับรถเร็วเกินไป
2016-11-14,03:56:56,เฉลิมมหานคร,ปกติ,0,0,0,0,ขับรถเร็วเกินไป
2017-02-16,13:15:15,เฉลิมมหานคร,ปกติ,1,0,0,0,ขับรถเร็วเกินไป
2017-05-10,00:00:00,เฉลิมมหานคร,ปกติ,1,0,0,0,ขับรถเร็วเกินไป
2016-10-30,17:45:45,เฉลิมมหานคร,ปกติ,0,0,0,0,ขับรถเร็วเกินไป
2017-08-10,16:14:14,เฉลิมมหานคร,ปกติ,0,0,0,0,ขับรถเร็วเกินไป
2017-09-19,18:53:53,เฉลิมมหานคร,ปกติ,0,0,0,0,ขับรถเร็วเกินไป
2017-07-02,14:03:03,เฉลิมมหานคร,ปกติ,0,0,0,0,ขับรถเร็วเกินไป
2016-12-23,17:22:22,เฉลิมมหานคร,ปกติ,0,0,0,0,ขับรถเร็วเกินไป
2017-03-04,15:39:39,เฉลิมมหานคร,ปกติ,0,0,0,0,ขับรถเร็วเกินไป
2017-03-21,18:45:45,เฉลิมมหานคร,ปกติ,1,0,0,0,ขับรถเร็วเกินไป
2016-10-16,18:30:30,เฉลิมมหานคร,ปกติ,0,0,0,0,ขับรถเร็วเกินไป
2017-03-24,22:49:49,เฉลิมมหานคร,ปกติ,0,0,0,0,ขับรถเร็วเกินไป
2017-07-23,19:47:47,เฉลิมมหานคร,ฝนตก,0,1,0,0,ขับรถเร็วเกินไป
2017-09-23,05:51:51,เฉลิมมหานคร,ปกติ,0,0,0,0,ขับรถเร็วเกินไป
2017-06-04,05:34:34,เฉลิมมหานคร,ปกติ,0,0,0,0,ขับรถเร็วเกินไป
2017-09-20,18:31:31,เฉลิมมหานคร,ปกติ,0,4,0,0,ขับรถเร็วเกินไป
2017-02-20,06:10:10,เฉลิมมหานคร,ปกติ,0,0,0,0,ขับรถเร็วเกินไป
2017-08-06,19:25:25,เฉลิมมหานคร,ปกติ,1,4,0,0,ขับรถเร็วเกินไป
2016-11-01,11:02:02,เฉลิมมหานคร,ปกติ,0,0,0,0,ขับรถเร็วเกินไป
2017-09-21,12:54:54,เฉลิมมหานคร,ปกติ,0,1,0,0,ขับรถเร็วเกินไป
2017-08-18,06:00:00,เฉลิมมหานคร,ปกติ,0,0,0,0,ขับรถเร็วเกินไป
2017-07-27,20:44:44,เฉลิมมหานคร,ปกติ,0,1,0,0,ขับรถเร็วเกินไป
2017-09-30,03:10:10,เฉลิมมหานคร,ปกติ,0,0,0,0,ขับรถเร็วเกินไป
2017-09-02,07:35:35,เฉลิมมหานคร,ปกติ,1,0,0,0,ขับรถเร็วเกินไป
2017-04-13,21:07:07,เฉลิมมหานคร,ปกติ,0,0,0,0,ขับรถเร็วเกินไป
2017-05-07,04:37:37,เฉลิมมหานคร,ฝนตก,0,1,0,0,ขับรถเร็วเกินไป
2017-09-09,18:41:41,เฉลิมมหานคร,ปกติ,0,2,0,0,ขับรถเร็วเกินไป
2017-07-15,10:41:41,เฉลิมมหานคร,ปกติ,0,0,0,0,ขับรถเร็วเกินไป
2017-02-18,00:56:56,เฉลิมมหานคร,ปกติ,0,0,0,0,ขับรถเร็วเกินไป
2016-11-02,15:45:45,เฉลิมมหานคร,ปกติ,0,0,0,0,ขับรถเร็วเกินไป
2017-01-22,12:50:50,เฉลิมมหานคร,ปกติ,0,0,0,0,ขับรถเร็วเกินไป
2017-05-23,08:37:37,เฉลิมมหานคร,ปกติ,0,0,0,0,ขับรถเร็วเกินไป
2017-03-01,08:15:15,เฉลิมมหานคร,ปกติ,0,1,0,0,ขับรถเร็วเกินไป
2017-01-17,10:43:43,เฉลิมมหานคร,ปกติ,2,0,0,0,ขับรถเร็วเกินไป
2017-08-07,02:55:55,เฉลิมมหานคร,ฝนตก,0,0,0,0,ขับรถเร็วเกินไป
2017-04-05,21:10:10,เฉลิมมหานคร,ปกติ,0,0,0,0,ขับรถเร็วเกินไป
2017-07-13,03:43:43,เฉลิมมหานคร,ฝนตก,0,0,0,0,ขับรถเร็วเกินไป
2017-03-27,02:20:20,เฉลิมมหานคร,ฝนตก,1,0,0,0,ขับรถเร็วเกินไป
2016-12-02,22:12:12,เฉลิมมหานคร,ปกติ,0,0,0,0,ขับรถเร็วเกินไป
2017-02-01,15:06:06,เฉลิมมหานคร,ปกติ,0,2,0,0,ขับรถเร็วเกินไป
2017-06-20,01:52:52,เฉลิมมหานคร,ฝนตก,0,1,0,0,ขับรถเร็วเกินไป
2017-05-10,00:58:58,เฉลิมมหานคร,ปกติ,0,0,0,0,ขับรถเร็วเกินไป
2016-11-04,23:40:40,เฉลิมมหานคร,ปกติ,0,0,0,0,ขับรถเร็วเกินไป
2017-04-01,06:32:32,เฉลิมมหานคร,ฝนตก,0,0,0,0,ขับรถเร็วเกินไป
2017-09-05,19:45:45,เฉลิมมหานคร,ปกติ,1,1,0,0,ขับรถเร็วเกินไป
2017-09-20,19:29:29,เฉลิมมหานคร,ปกติ,0,4,0,0,ขับรถเร็วเกินไป
2016-11-20,00:55:55,เฉลิมมหานคร,ปกติ,0,0,0,0,ขับรถเร็วเกินไป
2017-05-16,22:38:38,เฉลิมมหานคร,ฝนตก,1,1,0,0,ขับรถเร็วเกินไป
2017-03-07,11:30:30,เฉลิมมหานคร,ปกติ,0,1,0,0,ขับรถเร็วเกินไป
2017-01-21,18:46:46,เฉลิมมหานคร,ปกติ,0,0,0,0,ขับรถเร็วเกินไป
2017-02-08,06:48:48,เฉลิมมหานคร,ปกติ,0,0,0,0,ขับรถเร็วเกินไป
2016-10-31,18:00:00,เฉลิมมหานคร,ปกติ,0,2,0,0,ขับรถเร็วเกินไป
2016-12-08,21:03:03,เฉลิมมหานคร,ปกติ,0,0,0,0,ขับรถเร็วเกินไป
2017-08-22,23:09:09,เฉลิมมหานคร,ปกติ,1,1,0,0,ขับรถเร็วเกินไป
2016-11-19,18:47:47,เฉลิมมหานคร,ปกติ,2,0,0,0,ขับรถเร็วเกินไป
2017-05-06,23:49:49,เฉลิมมหานคร,ปกติ,0,0,0,0,ขับรถเร็วเกินไป
2016-12-19,14:32:32,เฉลิมมหานคร,ปกติ,0,0,0,0,ขับรถเร็วเกินไป
2017-07-17,00:16:16,เฉลิมมหานคร,ปกติ,0,0,0,0,ขับรถเร็วเกินไป
2017-04-15,02:40:40,เฉลิมมหานคร,ปกติ,0,1,0,0,ขับรถเร็วเกินไป
2017-05-17,00:08:08,เฉลิมมหานคร,ฝนตก,0,0,0,0,ขับรถเร็วเกินไป
2017-02-20,21:34:34,เฉลิมมหานคร,ปกติ,0,1,0,0,ขับรถเร็วเกินไป
2017-01-31,11:59:59,เฉลิมมหานคร,ปกติ,0,0,0,0,ขับรถเร็วเกินไป
2017-07-25,04:45:45,เฉลิมมหานคร,ปกติ,0,0,0,0,ขับรถเร็วเกินไป
2016-11-03,14:22:22,เฉลิมมหานคร,ปกติ,0,0,0,0,ขับรถเร็วเกินไป
2017-02-01,13:04:04,เฉลิมมหานคร,ปกติ,0,0,0,0,ขับรถเร็วเกินไป
2017-09-10,19:05:05,เฉลิมมหานคร,ปกติ,0,1,0,0,ขับรถเร็วเกินไป
2017-02-17,15:40:40,เฉลิมมหานคร,ปกติ,0,1,0,0,ขับรถเร็วเกินไป
2017-04-04,09:50:50,เฉลิมมหานคร,ปกติ,0,0,0,0,ขับรถเร็วเกินไป
2017-05-07,21:15:15,เฉลิมมหานคร,ปกติ,0,0,0,0,ขับรถเร็วเกินไป
2016-10-25,00:15:15,เฉลิมมหานคร,ฝนตก,0,0,0,0,ขับรถเร็วเกินไป
2016-12-12,02:00:00,เฉลิมมหานคร,ปกติ,0,1,0,0,ขับรถเร็วเกินไป
2017-06-14,15:22:22,เฉลิมมหานคร,ปกติ,1,1,0,0,ขับรถเร็วเกินไป
2017-02-01,01:36:36,เฉลิมมหานคร,ปกติ,1,0,0,0,ขับรถเร็วเกินไป
2017-01-18,06:47:47,เฉลิมมหานคร,ปกติ,0,0,0,0,ขับรถเร็วเกินไป
2017-09-20,11:08:08,บางพลี-สุขสวัสดิ์,ปกติ,0,0,0,0,ขับรถเร็วเกินไป
2017-01-12,04:15:15,บางพลี-สุขสวัสดิ์,ปกติ,0,0,0,0,ขับรถเร็วเกินไป
2017-09-28,11:50:50,บางพลี-สุขสวัสดิ์,ปกติ,1,0,0,0,ขับรถเร็วเกินไป
2017-08-01,10:25:25,บางพลี-สุขสวัสดิ์,ปกติ,0,0,0,0,ขับรถเร็วเกินไป
2016-12-14,01:51:51,บางพลี-สุขสวัสดิ์,ปกติ,0,0,0,0,ขับรถเร็วเกินไป
2017-07-04,11:25:25,บางพลี-สุขสวัสดิ์,ปกติ,0,0,0,0,ขับรถเร็วเกินไป
2016-11-17,19:40:40,บางพลี-สุขสวัสดิ์,ปกติ,0,0,0,0,ขับรถเร็วเกินไป
2017-03-29,02:10:10,บางพลี-สุขสวัสดิ์,ปกติ,1,0,0,0,ขับรถเร็วเกินไป
2016-11-12,18:45:45,บางพลี-สุขสวัสดิ์,ปกติ,0,0,0,0,ขับรถเร็วเกินไป
2016-11-22,13:24:24,บางพลี-สุขสวัสดิ์,ปกติ,0,0,0,0,ขับรถเร็วเกินไป
2017-03-25,10:03:03,บางพลี-สุขสวัสดิ์,ปกติ,0,0,0,0,ขับรถเร็วเกินไป
2017-09-22,12:40:40,บางพลี-สุขสวัสดิ์,ฝนตก,0,0,0,0,ขับรถเร็วเกินไป
2016-11-29,06:37:37,บางพลี-สุขสวัสดิ์,ปกติ,0,0,0,0,ขับรถเร็วเกินไป
2017-07-08,07:01:01,บางพลี-สุขสวัสดิ์,ปกติ,0,0,0,0,ขับรถเร็วเกินไป
2017-04-01,00:05:05,บางพลี-สุขสวัสดิ์,ปกติ,1,0,0,0,ขับรถเร็วเกินไป
2017-01-26,16:25:25,บางพลี-สุขสวัสดิ์,ปกติ,1,0,0,0,ขับรถเร็วเกินไป
2017-04-08,22:45:45,บางพลี-สุขสวัสดิ์,ปกติ,0,1,0,0,ขับรถเร็วเกินไป
2017-01-18,10:36:36,บางพลี-สุขสวัสดิ์,ปกติ,0,0,0,0,ขับรถเร็วเกินไป
2017-06-10,04:59:59,บางพลี-สุขสวัสดิ์,ปกติ,0,0,0,0,ขับรถเร็วเกินไป
2016-11-23,10:54:54,บางพลี-สุขสวัสดิ์,ปกติ,0,0,0,0,ขับรถเร็วเกินไป
2017-04-22,04:10:10,บางพลี-สุขสวัสดิ์,ปกติ,1,0,0,0,ขับรถเร็วเกินไป
2016-10-21,04:44:44,บางพลี-สุขสวัสดิ์,ปกติ,0,0,0,0,ขับรถเร็วเกินไป
2017-04-28,12:07:07,บางพลี-สุขสวัสดิ์,ปกติ,0,0,0,0,ขับรถเร็วเกินไป
2016-11-22,13:00:00,บางพลี-สุขสวัสดิ์,ปกติ,1,0,0,0,ขับรถเร็วเกินไป
2017-03-28,23:45:45,บางพลี-สุขสวัสดิ์,ปกติ,2,0,0,0,ขับรถเร็วเกินไป
2017-02-20,22:26:26,บางพลี-สุขสวัสดิ์,ปกติ,0,1,0,0,ขับรถเร็วเกินไป
2017-01-14,14:14:14,บางพลี-สุขสวัสดิ์,ปกติ,0,0,0,0,ขับรถเร็วเกินไป
2017-06-24,10:28:28,บางพลี-สุขสวัสดิ์,ปกติ,1,1,0,0,ขับรถเร็วเกินไป
2016-12-27,20:15:15,บางพลี-สุขสวัสดิ์,ปกติ,0,1,0,0,ขับรถเร็วเกินไป
2016-12-10,06:36:36,บางพลี-สุขสวัสดิ์,ปกติ,1,0,0,0,ขับรถเร็วเกินไป
2016-11-02,09:39:39,บางพลี-สุขสวัสดิ์,ปกติ,0,0,0,0,ขับรถเร็วเกินไป
2016-10-22,10:15:15,บางพลี-สุขสวัสดิ์,ปกติ,0,0,0,0,ขับรถเร็วเกินไป
2017-05-04,06:37:37,บางพลี-สุขสวัสดิ์,ปกติ,0,0,0,0,ขับรถเร็วเกินไป
2017-03-29,02:00:00,บางพลี-สุขสวัสดิ์,ปกติ,0,1,0,0,ขับรถเร็วเกินไป
2016-11-15,06:13:13,บางพลี-สุขสวัสดิ์,ปกติ,0,0,0,0,ขับรถเร็วเกินไป
2017-03-04,03:35:35,บางพลี-สุขสวัสดิ์,ปกติ,1,0,0,0,ขับรถเร็วเกินไป
2017-09-19,01:38:38,บางพลี-สุขสวัสดิ์,ปกติ,0,0,0,0,ขับรถเร็วเกินไป
2017-04-18,13:31:31,บางพลี-สุขสวัสดิ์,ปกติ,0,0,0,0,ขับรถเร็วเกินไป
2017-02-21,01:14:14,บางพลี-สุขสวัสดิ์,ปกติ,0,0,0,0,ขับรถเร็วเกินไป
2016-12-19,14:08:08,บางพลี-สุขสวัสดิ์,ปกติ,0,0,0,0,ขับรถเร็วเกินไป
2016-10-25,08:52:52,บางพลี-สุขสวัสดิ์,ปกติ,0,0,0,0,ขับรถเร็วเกินไป
2017-03-24,10:48:48,บางพลี-สุขสวัสดิ์,ปกติ,1,0,0,0,ขับรถเร็วเกินไป
2017-02-08,20:01:01,บางพลี-สุขสวัสดิ์,ปกติ,0,0,0,0,ขับรถเร็วเกินไป
2017-07-18,00:07:07,บางพลี-สุขสวัสดิ์,ปกติ,0,0,0,0,ขับรถเร็วเกินไป
2017-08-30,17:10:10,บางพลี-สุขสวัสดิ์,ปกติ,0,1,0,0,ขับรถเร็วเกินไป
2017-04-27,00:35:35,บางพลี-สุขสวัสดิ์,ปกติ,1,0,0,0,ขับรถเร็วเกินไป
2016-11-23,15:16:16,บางพลี-สุขสวัสดิ์,ฝนตก,1,0,0,0,ขับรถเร็วเกินไป
2016-11-16,10:42:42,บางพลี-สุขสวัสดิ์,ปกติ,1,0,0,0,ขับรถเร็วเกินไป
2017-09-11,15:28:28,บางพลี-สุขสวัสดิ์,ปกติ,0,0,0,0,ขับรถเร็วเกินไป
2016-10-28,22:58:58,บางพลี-สุขสวัสดิ์,ปกติ,0,0,0,0,ขับรถเร็วเกินไป
2017-02-05,00:09:09,บางพลี-สุขสวัสดิ์,ปกติ,0,0,0,0,ขับรถเร็วเกินไป
2017-04-18,22:59:59,บางพลี-สุขสวัสดิ์,ปกติ,0,0,0,0,ขับรถเร็วเกินไป
2017-02-16,22:11:11,บางพลี-สุขสวัสดิ์,ปกติ,1,0,0,0,ขับรถเร็วเกินไป
2017-02-09,11:39:39,บางพลี-สุขสวัสดิ์,ปกติ,1,0,0,0,ขับรถเร็วเกินไป
2016-12-27,08:46:46,บางพลี-สุขสวัสดิ์,ปกติ,1,0,0,0,ขับรถเร็วเกินไป
2016-12-25,13:08:08,บางพลี-สุขสวัสดิ์,ปกติ,0,0,0,0,ขับรถเร็วเกินไป
2017-07-22,01:45:45,บางพลี-สุขสวัสดิ์,ปกติ,0,0,0,0,ขับรถเร็วเกินไป
2017-09-19,21:19:19,บางพลี-สุขสวัสดิ์,ปกติ,1,0,0,0,ขับรถเร็วเกินไป
2017-08-07,10:14:14,บางพลี-สุขสวัสดิ์,ปกติ,0,0,0,0,ขับรถเร็วเกินไป
2017-02-16,04:38:38,บางพลี-สุขสวัสดิ์,ปกติ,1,0,0,0,ขับรถเร็วเกินไป
2017-06-26,17:58:58,บางพลี-สุขสวัสดิ์,ปกติ,0,0,0,0,ขับรถเร็วเกินไป
2017-07-18,02:24:24,บางพลี-สุขสวัสดิ์,ปกติ,0,0,0,0,ขับรถเร็วเกินไป
2017-03-14,19:23:23,บางพลี-สุขสวัสดิ์,ปกติ,0,0,0,0,ขับรถเร็วเกินไป
2016-12-14,16:19:19,บางพลี-สุขสวัสดิ์,ปกติ,0,0,0,0,ขับรถเร็วเกินไป
2017-09-21,01:48:48,บางพลี-สุขสวัสดิ์,ปกติ,0,0,0,0,ขับรถเร็วเกินไป
2016-12-20,14:22:22,บางพลี-สุขสวัสดิ์,ปกติ,1,0,0,0,ขับรถเร็วเกินไป
2017-04-24,16:30:30,บางพลี-สุขสวัสดิ์,ปกติ,0,0,0,0,ขับรถเร็วเกินไป
2016-10-28,22:57:57,บางพลี-สุขสวัสดิ์,ปกติ,0,1,0,0,ขับรถเร็วเกินไป
2017-01-14,17:40:40,บางพลี-สุขสวัสดิ์,ปกติ,0,0,0,0,ขับรถเร็วเกินไป
2016-11-11,08:48:48,บางพลี-สุขสวัสดิ์,ปกติ,0,0,0,0,ขับรถเร็วเกินไป
2017-02-22,21:40:40,บางพลี-สุขสวัสดิ์,ปกติ,0,0,0,0,ขับรถเร็วเกินไป
2017-03-06,08:48:48,บางพลี-สุขสวัสดิ์,ปกติ,0,0,0,0,ขับรถเร็วเกินไป
2017-08-18,22:53:53,บางพลี-สุขสวัสดิ์,ปกติ,1,0,0,0,ขับรถเร็วเกินไป
2017-07-28,20:34:34,บางพลี-สุขสวัสดิ์,ปกติ,0,0,0,0,ขับรถเร็วเกินไป
2016-10-04,16:25:25,บางพลี-สุขสวัสดิ์,ปกติ,1,0,0,0,ขับรถเร็วเกินไป
2016-12-22,01:20:20,บางพลี-สุขสวัสดิ์,ปกติ,1,0,0,0,ขับรถเร็วเกินไป
2016-12-16,19:33:33,บางพลี-สุขสวัสดิ์,ปกติ,0,0,0,0,ขับรถเร็วเกินไป
2017-08-03,09:55:55,บางพลี-สุขสวัสดิ์,ปกติ,0,0,0,0,ขับรถเร็วเกินไป
2017-05-12,23:05:05,บางพลี-สุขสวัสดิ์,ปกติ,1,0,0,0,ขับรถเร็วเกินไป
2017-02-04,12:43:43,บางพลี-สุขสวัสดิ์,ปกติ,0,0,0,0,ขับรถเร็วเกินไป
2017-08-26,05:48:48,บางพลี-สุขสวัสดิ์,ปกติ,1,0,0,0,ขับรถเร็วเกินไป
2017-01-17,11:56:56,บางพลี-สุขสวัสดิ์,ปกติ,0,0,0,0,ขับรถเร็วเกินไป
2017-01-27,09:05:05,บางพลี-สุขสวัสดิ์,ปกติ,1,0,0,0,ขับรถเร็วเกินไป
2017-06-21,10:26:26,บางพลี-สุขสวัสดิ์,ปกติ,1,0,0,0,ขับรถเร็วเกินไป
2017-07-05,22:33:33,บางพลี-สุขสวัสดิ์,ปกติ,1,0,0,0,ขับรถเร็วเกินไป
2017-07-02,19:05:05,บางพลี-สุขสวัสดิ์,ปกติ,0,0,0,0,ขับรถเร็วเกินไป
2017-06-30,09:20:20,บางพลี-สุขสวัสดิ์,ปกติ,0,0,0,0,ขับรถเร็วเกินไป
2017-08-24,10:37:37,บางพลี-สุขสวัสดิ์,ปกติ,0,0,0,0,ขับรถเร็วเกินไป
2017-04-29,04:33:33,บางพลี-สุขสวัสดิ์,ฝนตก,1,0,0,0,ขับรถเร็วเกินไป
2017-05-19,05:04:04,บางพลี-สุขสวัสดิ์,ปกติ,0,0,0,0,ขับรถเร็วเกินไป
2016-11-02,20:10:10,บางพลี-สุขสวัสดิ์,ปกติ,0,0,0,0,ขับรถเร็วเกินไป
2016-12-02,18:43:43,บางพลี-สุขสวัสดิ์,ปกติ,0,0,0,0,ขับรถเร็วเกินไป
2017-06-28,08:43:43,บางพลี-สุขสวัสดิ์,ปกติ,1,0,0,0,ขับรถเร็วเกินไป
2017-01-04,10:19:19,บางพลี-สุขสวัสดิ์,ปกติ,0,0,0,0,ขับรถเร็วเกินไป
2017-06-03,20:10:10,บางพลี-สุขสวัสดิ์,ปกติ,0,0,0,0,ขับรถเร็วเกินไป
2017-04-04,20:57:57,บางพลี-สุขสวัสดิ์,ปกติ,0,0,0,0,ขับรถเร็วเกินไป
2016-12-31,15:33:33,บางพลี-สุขสวัสดิ์,ปกติ,1,3,0,0,ขับรถเร็วเกินไป
2017-06-05,21:40:40,บางพลี-สุขสวัสดิ์,ปกติ,0,0,0,0,ขับรถเร็วเกินไป
2017-08-26,23:20:20,บางพลี-สุขสวัสดิ์,ฝนตก,2,2,0,0,ขับรถเร็วเกินไป
2017-02-21,19:05:05,บางพลี-สุขสวัสดิ์,ปกติ,0,0,0,0,ขับรถเร็วเกินไป
2016-11-04,08:23:23,บางพลี-สุขสวัสดิ์,ปกติ,0,0,0,0,ขับรถเร็วเกินไป
2017-04-29,08:47:47,ศรีรัช-วงแหวนรอบนอก,ปกติ,0,0,0,0,ขับรถเร็วเกินไป
2017-09-20,16:38:38,ศรีรัช-วงแหวนรอบนอก,ปกติ,1,1,0,0,ขับรถเร็วเกินไป
2017-07-12,21:45:45,ศรีรัช-วงแหวนรอบนอก,ปกติ,1,0,0,0,ขับรถเร็วเกินไป
2016-12-20,08:26:26,ศรีรัช-วงแหวนรอบนอก,ปกติ,0,0,0,0,ขับรถเร็วเกินไป
2016-12-08,23:50:50,ศรีรัช-วงแหวนรอบนอก,ปกติ,0,0,0,0,ขับรถเร็วเกินไป
2017-06-28,19:05:05,ศรีรัช-วงแหวนรอบนอก,ปกติ,4,2,0,0,ขับรถเร็วเกินไป
2017-07-02,20:40:40,ศรีรัช-วงแหวนรอบนอก,ปกติ,0,0,0,0,ขับรถเร็วเกินไป
2017-03-26,21:14:14,ศรีรัช-วงแหวนรอบนอก,ปกติ,3,1,0,0,ขับรถเร็วเกินไป
2017-04-06,11:33:33,ศรีรัช-วงแหวนรอบนอก,ปกติ,0,0,0,0,ขับรถเร็วเกินไป
2017-09-08,18:20:20,ศรีรัช-วงแหวนรอบนอก,ปกติ,0,0,0,0,ขับรถเร็วเกินไป
2017-06-30,06:47:47,ศรีรัช-วงแหวนรอบนอก,ปกติ,0,0,0,0,ขับรถเร็วเกินไป
2017-05-31,07:31:31,ศรีรัช-วงแหวนรอบนอก,ปกติ,0,0,0,0,ขับรถเร็วเกินไป
2017-07-01,14:33:33,ศรีรัช-วงแหวนรอบนอก,ปกติ,0,0,0,0,ขับรถเร็วเกินไป
2017-06-05,14:11:11,ศรีรัช-วงแหวนรอบนอก,ปกติ,0,0,0,0,ขับรถเร็วเกินไป
2017-01-09,09:57:57,ศรีรัช-วงแหวนรอบนอก,ปกติ,0,0,0,0,ขับรถเร็วเกินไป
2017-04-05,09:34:34,ศรีรัช-วงแหวนรอบนอก,ปกติ,0,0,0,0,ขับรถเร็วเกินไป
2016-10-29,05:15:15,ศรีรัช-วงแหวนรอบนอก,ปกติ,0,0,0,0,ขับรถเร็วเกินไป
2017-03-18,20:17:17,ศรีรัช-วงแหวนรอบนอก,ปกติ,1,0,0,0,ขับรถเร็วเกินไป
2017-04-03,21:25:25,ศรีรัช-วงแหวนรอบนอก,ปกติ,1,0,0,0,ขับรถเร็วเกินไป
2017-04-06,11:26:26,ศรีรัช-วงแหวนรอบนอก,ปกติ,0,0,0,0,ขับรถเร็วเกินไป
2017-08-29,00:13:13,ศรีรัช-วงแหวนรอบนอก,ฝนตก,0,0,0,0,ขับรถเร็วเกินไป
2016-12-08,16:04:04,ศรีรัช-วงแหวนรอบนอก,ปกติ,0,1,0,0,ขับรถเร็วเกินไป
2017-01-27,09:49:49,ศรีรัช-วงแหวนรอบนอก,ปกติ,0,0,0,0,ขับรถเร็วเกินไป
2016-11-15,09:39:39,ศรีรัช-วงแหวนรอบนอก,ปกติ,0,1,0,0,ขับรถเร็วเกินไป
2017-01-04,12:21:21,ศรีรัช-วงแหวนรอบนอก,ปกติ,0,0,0,0,ขับรถเร็วเกินไป
2017-08-08,22:49:49,ทางหลวงพิเศษหมายเลข 37,ปกติ,0,0,0,0,ขับรถเร็วเกินไป
2017-04-22,06:38:38,ทางหลวงพิเศษหมายเลข 37,ปกติ,0,0,0,0,ขับรถเร็วเกินไป
2017-09-04,20:24:24,ทางหลวงพิเศษหมายเลข 37,ปกติ,0,0,0,0,ขับรถเร็วเกินไป
2017-02-15,08:34:34,ทางหลวงพิเศษหมายเลข 37,ปกติ,0,0,0,0,ขับรถเร็วเกินไป
2017-01-20,11:07:07,ทางหลวงพิเศษหมายเลข 37,ปกติ,1,0,0,0,ขับรถเร็วเกินไป
2017-02-04,11:37:37,ทางหลวงพิเศษหมายเลข 37,ปกติ,0,0,0,0,ขับรถเร็วเกินไป
2016-12-01,09:33:33,ทางหลวงพิเศษหมายเลข 37,ปกติ,0,1,0,0,ขับรถเร็วเกินไป
2017-02-20,14:59:59,ทางหลวงพิเศษหมายเลข 37,ปกติ,0,0,0,0,ขับรถเร็วเกินไป
2017-03-08,14:08:08,ทางหลวงพิเศษหมายเลข 37,ปกติ,0,0,0,0,ขับรถเร็วเกินไป
2017-08-14,17:22:22,ทางหลวงพิเศษหมายเลข 37,ปกติ,1,1,0,0,ขับรถเร็วเกินไป
2017-09-29,13:17:17,ทางหลวงพิเศษหมายเลข 37,ปกติ,0,0,0,0,ขับรถเร็วเกินไป
2017-02-28,17:42:42,ทางหลวงพิเศษหมายเลข 37,ปกติ,2,0,0,0,ขับรถเร็วเกินไป
2017-03-31,15:36:36,ทางหลวงพิเศษหมายเลข 37,ปกติ,1,0,0,0,ขับรถเร็วเกินไป
2016-12-07,14:34:34,ทางหลวงพิเศษหมายเลข 37,ปกติ,0,0,0,0,ขับรถเร็วเกินไป
2017-07-18,04:10:10,ทางหลวงพิเศษหมายเลข 37,ปกติ,2,0,0,0,ขับรถเร็วเกินไป
2017-09-07,08:37:37,ทางหลวงพิเศษหมายเลข 37,ปกติ,3,0,0,0,ขับรถเร็วเกินไป
2017-04-24,15:55:55,ทางหลวงพิเศษหมายเลข 37,ปกติ,0,0,0,0,ขับรถเร็วเกินไป
2016-10-10,08:24:24,ทางหลวงพิเศษหมายเลข 37,ปกติ,0,0,0,0,ขับรถเร็วเกินไป
2017-01-13,10:14:14,ทางหลวงพิเศษหมายเลข 37,ปกติ,0,0,0,0,ขับรถเร็วเกินไป
2017-09-29,00:25:25,ทางหลวงพิเศษหมายเลข 37,ปกติ,0,0,0,0,ขับรถเร็วเกินไป
2017-06-24,17:36:36,ทางหลวงพิเศษหมายเลข 37,ปกติ,1,0,0,0,ขับรถเร็วเกินไป
2017-08-14,13:32:32,ทางหลวงพิเศษหมายเลข 37,ปกติ,0,1,0,0,ขับรถเร็วเกินไป
2017-01-30,17:52:52,ทางหลวงพิเศษหมายเลข 37,ปกติ,1,0,0,0,ขับรถเร็วเกินไป
2017-05-31,19:23:23,ทางหลวงพิเศษหมายเลข 37,ปกติ,1,0,0,0,ขับรถเร็วเกินไป
2016-12-28,17:27:27,ทางหลวงพิเศษหมายเลข 37,ปกติ,0,0,0,0,ขับรถเร็วเกินไป
2016-10-12,18:07:07,ทางหลวงพิเศษหมายเลข 37,ปกติ,0,0,0,0,ขับรถเร็วเกินไป
2017-06-30,16:28:28,ทางหลวงพิเศษหมายเลข 37,ปกติ,0,0,0,0,ขับรถเร็วเกินไป
2017-03-28,19:15:15,ทางหลวงพิเศษหมายเลข 37,ปกติ,0,4,0,0,ขับรถเร็วเกินไป
2017-05-31,09:50:50,ทางหลวงพิเศษหมายเลข 37,ปกติ,1,0,0,0,ขับรถเร็วเกินไป
2017-06-15,08:02:02,ทางหลวงพิเศษหมายเลข 37,ปกติ,0,0,0,0,ขับรถเร็วเกินไป
2016-12-01,10:59:59,ทางหลวงพิเศษหมายเลข 37,ปกติ,2,0,0,0,ขับรถเร็วเกินไป
2017-09-15,17:43:43,ทางหลวงพิเศษหมายเลข 37,ปกติ,0,1,0,0,ขับรถเร็วเกินไป
2017-04-21,09:21:21,ทางหลวงพิเศษหมายเลข 37,ปกติ,0,0,0,0,ขับรถเร็วเกินไป
2017-03-13,10:54:54,ทางหลวงพิเศษหมายเลข 37,ปกติ,0,1,0,0,ขับรถเร็วเกินไป
2017-03-01,03:06:06,ทางหลวงพิเศษหมายเลข 37,ปกติ,0,0,0,0,ขับรถเร็วเกินไป
2017-03-30,15:53:53,ทางหลวงพิเศษหมายเลข 37,ปกติ,2,0,0,0,ขับรถเร็วเกินไป
2017-03-03,06:24:24,ทางหลวงพิเศษหมายเลข 37,ปกติ,0,1,0,0,ขับรถเร็วเกินไป
2017-07-20,14:21:21,ทางหลวงพิเศษหมายเลข 37,ปกติ,0,0,0,0,ขับรถเร็วเกินไป
2017-07-11,12:09:09,ทางหลวงพิเศษหมายเลข 37,ปกติ,0,0,0,0,ขับรถเร็วเกินไป
2017-09-17,09:54:54,ทางหลวงพิเศษหมายเลข 37,ปกติ,0,0,0,0,ขับรถเร็วเกินไป
2017-07-19,07:50:50,ทางหลวงพิเศษหมายเลข 37,ปกติ,0,0,0,0,ขับรถเร็วเกินไป
2017-07-06,06:11:11,ทางหลวงพิเศษหมายเลข 37,ปกติ,1,0,0,0,ขับรถเร็วเกินไป
2017-04-06,15:43:43,S1,ปกติ,0,0,0,0,สาเหตุจากสภาพรถ/ถนน
2016-11-06,23:40:40,S1,ปกติ,0,0,0,0,สาเหตุจากสภาพรถ/ถนน
2017-05-19,10:35:35,S1,ปกติ,0,0,0,0,สาเหตุจากสภาพรถ/ถนน
2017-04-20,05:19:19,ศรีรัช,ปกติ,0,0,0,0,สาเหตุจากสภาพรถ/ถนน
2016-12-07,20:18:18,ศรีรัช,ปกติ,0,0,0,0,สาเหตุจากสภาพรถ/ถนน
2017-08-21,17:27:27,ศรีรัช,ปกติ,0,0,0,0,สาเหตุจากสภาพรถ/ถนน
2017-05-21,09:05:05,ศรีรัช,ปกติ,0,0,0,0,สาเหตุจากสภาพรถ/ถนน
2017-04-21,11:08:08,ศรีรัช,ปกติ,0,0,0,0,สาเหตุจากสภาพรถ/ถนน
2017-05-27,02:21:21,ศรีรัช,ปกติ,0,0,0,0,สาเหตุจากสภาพรถ/ถนน
2017-06-27,19:48:48,ศรีรัช,ปกติ,0,0,0,0,สาเหตุจากสภาพรถ/ถนน
2017-01-12,16:44:44,ศรีรัช,ปกติ,0,0,0,0,สาเหตุจากสภาพรถ/ถนน
2017-09-13,12:54:54,ศรีรัช,ปกติ,0,0,0,0,สาเหตุจากสภาพรถ/ถนน
2017-02-11,08:40:40,ศรีรัช,ปกติ,0,0,0,0,สาเหตุจากสภาพรถ/ถนน
2017-02-21,15:30:30,ศรีรัช,ปกติ,0,0,0,0,สาเหตุจากสภาพรถ/ถนน
2017-08-03,11:38:38,ศรีรัช,ปกติ,0,0,0,0,สาเหตุจากสภาพรถ/ถนน
2017-04-01,04:17:17,ศรีรัช,ปกติ,0,0,0,0,สาเหตุจากสภาพรถ/ถนน
2016-12-03,21:22:22,ศรีรัช,ปกติ,0,0,0,0,สาเหตุจากสภาพรถ/ถนน
2017-09-14,15:20:20,ศรีรัช,ปกติ,0,0,0,0,สาเหตุจากสภาพรถ/ถนน
2017-01-14,09:56:56,ศรีรัช,ปกติ,0,0,0,0,สาเหตุจากสภาพรถ/ถนน
2016-10-28,22:36:36,ศรีรัช,ปกติ,0,0,0,0,สาเหตุจากสภาพรถ/ถนน
2017-04-04,14:39:39,ศรีรัช,ปกติ,0,0,0,0,สาเหตุจากสภาพรถ/ถนน
2017-02-21,08:25:25,ศรีรัช,ปกติ,0,0,0,0,สาเหตุจากสภาพรถ/ถนน
2017-06-28,07:12:12,ศรีรัช,ปกติ,0,0,0,0,สาเหตุจากสภาพรถ/ถนน
2017-08-21,15:35:35,ศรีรัช,ปกติ,1,0,0,0,สาเหตุจากสภาพรถ/ถนน
2017-09-13,11:01:01,ศรีรัช,ปกติ,0,0,0,0,สาเหตุจากสภาพรถ/ถนน
2017-08-25,20:47:47,ศรีรัช,ปกติ,0,0,0,0,สาเหตุจากสภาพรถ/ถนน
2016-11-15,10:08:08,ศรีรัช,ปกติ,0,0,0,0,สาเหตุจากสภาพรถ/ถนน
2017-09-27,03:13:13,ศรีรัช,ปกติ,0,0,0,0,สาเหตุจากสภาพรถ/ถนน
2017-03-03,22:14:14,ศรีรัช,ปกติ,0,0,0,0,สาเหตุจากสภาพรถ/ถนน
2016-12-21,23:05:05,ศรีรัช,ปกติ,0,0,0,0,สาเหตุจากสภาพรถ/ถนน
2016-10-05,21:23:23,ศรีรัช,ปกติ,0,0,0,0,สาเหตุจากสภาพรถ/ถนน
2017-08-31,22:23:23,ศรีรัช,ปกติ,0,0,0,0,สาเหตุจากสภาพรถ/ถนน
2016-11-16,11:50:50,ศรีรัช,ปกติ,0,0,0,0,สาเหตุจากสภาพรถ/ถนน
2017-02-26,14:01:01,ศรีรัช,ปกติ,0,0,0,0,สาเหตุจากสภาพรถ/ถนน
2017-02-16,13:05:05,ศรีรัช,ปกติ,0,0,0,0,สาเหตุจากสภาพรถ/ถนน
2017-09-30,17:56:56,ศรีรัช,ปกติ,0,0,0,0,สาเหตุจากสภาพรถ/ถนน
2017-03-15,04:37:37,ศรีรัช,ปกติ,0,0,0,0,สาเหตุจากสภาพรถ/ถนน
2017-07-04,06:48:48,ศรีรัช,ปกติ,0,0,0,0,สาเหตุจากสภาพรถ/ถนน
2017-08-07,14:23:23,ศรีรัช,ปกติ,0,0,0,0,สาเหตุจากสภาพรถ/ถนน
2017-07-16,14:00:00,ศรีรัช,ปกติ,0,0,0,0,สาเหตุจากสภาพรถ/ถนน
2017-06-06,17:12:12,ศรีรัช,ปกติ,0,0,0,0,สาเหตุจากสภาพรถ/ถนน
2017-02-22,10:45:45,ศรีรัช,ปกติ,0,1,0,0,สาเหตุจากสภาพรถ/ถนน
2017-08-18,11:16:16,ศรีรัช,ปกติ,0,0,0,0,สาเหตุจากสภาพรถ/ถนน
2017-08-13,20:45:45,ฉลองรัช,ปกติ,0,0,0,0,สาเหตุจากสภาพรถ/ถนน
2017-04-26,11:25:25,ฉลองรัช,ปกติ,1,0,0,0,สาเหตุจากสภาพรถ/ถนน
2017-01-10,22:55:55,ฉลองรัช,ปกติ,0,0,0,0,สาเหตุจากสภาพรถ/ถนน
2016-10-11,19:53:53,ฉลองรัช,ปกติ,1,0,0,0,สาเหตุจากสภาพรถ/ถนน
2016-11-09,17:48:48,ฉลองรัช,ปกติ,0,0,0,0,สาเหตุจากสภาพรถ/ถนน
2017-08-04,13:16:16,ฉลองรัช,ปกติ,0,0,0,0,สาเหตุจากสภาพรถ/ถนน
2016-11-09,15:42:42,ฉลองรัช,ปกติ,2,0,0,0,สาเหตุจากสภาพรถ/ถนน
2017-05-05,13:34:34,ฉลองรัช,ปกติ,1,0,0,0,สาเหตุจากสภาพรถ/ถนน
2017-03-17,14:52:52,ฉลองรัช,ฝนตก,1,1,0,0,สาเหตุจากสภาพรถ/ถนน
2017-07-10,15:54:54,ฉลองรัช,ปกติ,0,0,0,0,สาเหตุจากสภาพรถ/ถนน
2017-05-13,15:54:54,บูรพาวิถี,ปกติ,0,0,0,0,สาเหตุจากสภาพรถ/ถนน
2017-02-14,15:47:47,บูรพาวิถี,ปกติ,0,0,0,0,สาเหตุจากสภาพรถ/ถนน
2017-06-20,12:30:30,บูรพาวิถี,ปกติ,0,0,0,0,สาเหตุจากสภาพรถ/ถนน
2017-01-26,14:23:23,บูรพาวิถี,ปกติ,0,0,0,0,สาเหตุจากสภาพรถ/ถนน
2017-07-22,10:31:31,บูรพาวิถี,ปกติ,0,0,0,0,สาเหตุจากสภาพรถ/ถนน
2016-12-11,22:05:05,บูรพาวิถี,ปกติ,0,0,0,0,สาเหตุจากสภาพรถ/ถนน
2016-11-21,11:17:17,บูรพาวิถี,ปกติ,0,0,0,0,สาเหตุจากสภาพรถ/ถนน
2017-08-30,17:35:35,บูรพาวิถี,ปกติ,0,0,0,0,สาเหตุจากสภาพรถ/ถนน
2016-12-31,22:50:50,บูรพาวิถี,ปกติ,1,3,0,0,สาเหตุจากสภาพรถ/ถนน
2017-09-26,11:39:39,บูรพาวิถี,ปกติ,0,0,0,0,สาเหตุจากสภาพรถ/ถนน
2017-07-25,21:02:02,บูรพาวิถี,ปกติ,0,0,0,0,สาเหตุจากสภาพรถ/ถนน
2016-12-01,19:20:20,บูรพาวิถี,ปกติ,0,0,0,0,สาเหตุจากสภาพรถ/ถนน
2017-09-23,14:46:46,บูรพาวิถี,ปกติ,0,0,0,0,สาเหตุจากสภาพรถ/ถนน
2017-07-01,16:27:27,บูรพาวิถี,ปกติ,2,0,0,0,สาเหตุจากสภาพรถ/ถนน
2016-10-04,11:50:50,บูรพาวิถี,ฝนตก,0,0,0,0,สาเหตุจากสภาพรถ/ถนน
2017-01-08,14:20:20,บูรพาวิถี,ปกติ,1,0,0,0,สาเหตุจากสภาพรถ/ถนน
2017-01-15,05:30:30,บูรพาวิถี,ปกติ,0,0,0,0,สาเหตุจากสภาพรถ/ถนน
2017-08-05,09:27:27,บูรพาวิถี,ปกติ,1,0,0,0,สาเหตุจากสภาพรถ/ถนน
2017-05-18,21:00:00,บูรพาวิถี,ปกติ,0,0,0,0,สาเหตุจากสภาพรถ/ถนน
2016-11-12,21:24:24,บูรพาวิถี,ปกติ,0,0,0,0,สาเหตุจากสภาพรถ/ถนน
2017-04-03,00:58:58,บูรพาวิถี,ปกติ,0,0,0,0,สาเหตุจากสภาพรถ/ถนน
2016-11-24,01:26:26,บูรพาวิถี,ปกติ,0,0,0,0,สาเหตุจากสภาพรถ/ถนน
2017-09-21,14:38:38,บูรพาวิถี,ปกติ,0,0,0,0,สาเหตุจากสภาพรถ/ถนน
2016-12-01,09:55:55,บูรพาวิถี,ปกติ,0,0,0,0,สาเหตุจากสภาพรถ/ถนน
2016-11-14,16:22:22,บูรพาวิถี,ปกติ,1,2,0,0,สาเหตุจากสภาพรถ/ถนน
2016-10-17,15:12:12,บูรพาวิถี,ปกติ,2,1,0,0,สาเหตุจากสภาพรถ/ถนน
2017-04-04,19:27:27,บูรพาวิถี,ปกติ,0,0,0,0,สาเหตุจากสภาพรถ/ถนน
2017-01-25,11:15:15,บูรพาวิถี,ปกติ,0,0,0,0,สาเหตุจากสภาพรถ/ถนน
2016-10-17,04:56:56,บูรพาวิถี,ปกติ,0,0,0,0,สาเหตุจากสภาพรถ/ถนน
2017-01-23,07:05:05,บูรพาวิถี,ปกติ,1,1,0,0,สาเหตุจากสภาพรถ/ถนน
2017-02-23,13:20:20,บูรพาวิถี,ปกติ,0,0,0,0,สาเหตุจากสภาพรถ/ถนน
2017-04-05,14:48:48,บูรพาวิถี,ปกติ,0,1,0,0,สาเหตุจากสภาพรถ/ถนน
2016-10-26,11:24:24,บูรพาวิถี,ปกติ,1,0,0,0,สาเหตุจากสภาพรถ/ถนน
2016-10-05,12:27:27,บูรพาวิถี,ปกติ,2,0,0,0,สาเหตุจากสภาพรถ/ถนน
2017-06-10,06:15:15,อุดรรัถยา,ปกติ,1,0,0,0,สาเหตุจากสภาพรถ/ถนน
2017-06-01,11:35:35,อุดรรัถยา,ปกติ,0,0,0,0,สาเหตุจากสภาพรถ/ถนน
2017-08-14,21:00:00,อุดรรัถยา,ปกติ,0,0,0,0,สาเหตุจากสภาพรถ/ถนน
2016-11-07,18:25:25,อุดรรัถยา,ฝนตก,0,0,0,0,สาเหตุจากสภาพรถ/ถนน
2017-06-03,00:38:38,อุดรรัถยา,ปกติ,0,0,0,0,สาเหตุจากสภาพรถ/ถนน
2016-11-26,11:35:35,อุดรรัถยา,ปกติ,2,0,0,0,สาเหตุจากสภาพรถ/ถนน
2017-06-27,07:36:36,อุดรรัถยา,ปกติ,0,0,0,0,สาเหตุจากสภาพรถ/ถนน
2017-01-20,09:46:46,อุดรรัถยา,ปกติ,0,0,0,0,สาเหตุจากสภาพรถ/ถนน
2017-04-26,21:48:48,อุดรรัถยา,ปกติ,0,0,0,0,สาเหตุจากสภาพรถ/ถนน
2017-01-15,18:07:07,อุดรรัถยา,ปกติ,1,1,0,2,สาเหตุจากสภาพรถ/ถนน
2017-06-28,07:40:40,อุดรรัถยา,ปกติ,0,0,0,0,สาเหตุจากสภาพรถ/ถนน
2017-05-30,09:21:21,อุดรรัถยา,ฝนตก,0,0,0,0,สาเหตุจากสภาพรถ/ถนน
2017-02-15,12:47:47,อุดรรัถยา,ปกติ,0,0,0,0,สาเหตุจากสภาพรถ/ถนน
2017-03-12,22:35:35,อุดรรัถยา,ปกติ,0,0,0,0,สาเหตุจากสภาพรถ/ถนน
2017-05-21,17:02:02,เฉลิมมหานคร,ปกติ,0,0,0,0,สาเหตุจากสภาพรถ/ถนน
2017-08-09,10:19:19,เฉลิมมหานคร,ปกติ,0,0,0,0,สาเหตุจากสภาพรถ/ถนน
2017-01-01,20:46:46,เฉลิมมหานคร,ปกติ,1,0,0,0,สาเหตุจากสภาพรถ/ถนน
2017-08-21,23:13:13,เฉลิมมหานคร,ปกติ,0,0,0,0,สาเหตุจากสภาพรถ/ถนน
2017-08-26,05:30:30,เฉลิมมหานคร,ปกติ,0,0,0,0,สาเหตุจากสภาพรถ/ถนน
2017-09-28,19:40:40,เฉลิมมหานคร,ปกติ,0,0,0,0,สาเหตุจากสภาพรถ/ถนน
2016-12-30,15:20:20,เฉลิมมหานคร,ปกติ,0,0,0,0,สาเหตุจากสภาพรถ/ถนน
2017-05-17,14:01:01,เฉลิมมหานคร,ฝนตก,0,0,0,0,สาเหตุจากสภาพรถ/ถนน
2016-11-20,23:00:00,เฉลิมมหานคร,ปกติ,0,1,0,0,สาเหตุจากสภาพรถ/ถนน
2017-04-29,02:30:30,เฉลิมมหานคร,ฝนตก,0,1,0,0,สาเหตุจากสภาพรถ/ถนน
2017-05-14,07:36:36,เฉลิมมหานคร,ปกติ,0,0,0,0,สาเหตุจากสภาพรถ/ถนน
2017-07-12,08:03:03,เฉลิมมหานคร,ปกติ,0,0,0,0,สาเหตุจากสภาพรถ/ถนน
2017-06-03,01:00:00,เฉลิมมหานคร,ปกติ,0,0,0,0,สาเหตุจากสภาพรถ/ถนน
2016-12-23,20:34:34,เฉลิมมหานคร,ปกติ,0,0,0,0,สาเหตุจากสภาพรถ/ถนน
2017-01-14,09:30:30,เฉลิมมหานคร,ปกติ,0,0,0,0,สาเหตุจากสภาพรถ/ถนน
2017-05-25,04:24:24,บางพลี-สุขสวัสดิ์,ฝนตก,0,0,0,0,สาเหตุจากสภาพรถ/ถนน
2017-03-26,17:27:27,บางพลี-สุขสวัสดิ์,ปกติ,0,0,0,0,สาเหตุจากสภาพรถ/ถนน
2017-09-15,11:20:20,บางพลี-สุขสวัสดิ์,ปกติ,0,0,0,0,สาเหตุจากสภาพรถ/ถนน
2016-10-21,10:40:40,บางพลี-สุขสวัสดิ์,ปกติ,0,0,0,0,สาเหตุจากสภาพรถ/ถนน
2017-01-04,08:25:25,บางพลี-สุขสวัสดิ์,ปกติ,1,0,0,0,สาเหตุจากสภาพรถ/ถนน
2017-07-25,10:46:46,บางพลี-สุขสวัสดิ์,ปกติ,0,0,0,0,สาเหตุจากสภาพรถ/ถนน
2016-10-23,18:45:45,บางพลี-สุขสวัสดิ์,ปกติ,0,0,0,0,สาเหตุจากสภาพรถ/ถนน
2016-12-03,12:35:35,บางพลี-สุขสวัสดิ์,ปกติ,0,0,0,0,สาเหตุจากสภาพรถ/ถนน
2017-04-29,10:51:51,บางพลี-สุขสวัสดิ์,ปกติ,1,0,0,0,สาเหตุจากสภาพรถ/ถนน
2017-05-09,15:54:54,บางพลี-สุขสวัสดิ์,ปกติ,0,0,0,0,สาเหตุจากสภาพรถ/ถนน
2017-08-04,20:11:11,บางพลี-สุขสวัสดิ์,ปกติ,0,0,0,0,สาเหตุจากสภาพรถ/ถนน
2016-11-07,06:05:05,บางพลี-สุขสวัสดิ์,ปกติ,0,0,0,0,สาเหตุจากสภาพรถ/ถนน
2017-04-01,05:10:10,บางพลี-สุขสวัสดิ์,ปกติ,0,0,0,0,สาเหตุจากสภาพรถ/ถนน
2017-09-15,06:41:41,บางพลี-สุขสวัสดิ์,ปกติ,0,0,0,0,สาเหตุจากสภาพรถ/ถนน
2017-02-06,15:35:35,บางพลี-สุขสวัสดิ์,ปกติ,0,0,0,0,สาเหตุจากสภาพรถ/ถนน
2017-07-17,04:37:37,บางพลี-สุขสวัสดิ์,ปกติ,0,0,0,0,สาเหตุจากสภาพรถ/ถนน
2017-06-27,05:03:03,บางพลี-สุขสวัสดิ์,ปกติ,0,0,0,0,สาเหตุจากสภาพรถ/ถนน
2017-03-23,08:28:28,บางพลี-สุขสวัสดิ์,ฝนตก,0,1,0,0,สาเหตุจากสภาพรถ/ถนน
2017-06-09,11:27:27,บางพลี-สุขสวัสดิ์,ปกติ,0,0,0,0,สาเหตุจากสภาพรถ/ถนน
2017-01-23,14:20:20,บางพลี-สุขสวัสดิ์,ปกติ,0,0,0,0,สาเหตุจากสภาพรถ/ถนน
2017-01-07,15:03:03,บางพลี-สุขสวัสดิ์,ปกติ,0,0,0,0,สาเหตุจากสภาพรถ/ถนน
2017-03-18,01:20:20,บางพลี-สุขสวัสดิ์,ปกติ,0,0,0,0,สาเหตุจากสภาพรถ/ถนน
2017-08-12,15:54:54,บางพลี-สุขสวัสดิ์,ปกติ,0,0,0,0,สาเหตุจากสภาพรถ/ถนน
2017-07-15,08:17:17,บางพลี-สุขสวัสดิ์,ปกติ,0,0,0,0,สาเหตุจากสภาพรถ/ถนน
2016-11-10,09:46:46,บางพลี-สุขสวัสดิ์,ปกติ,0,0,0,0,สาเหตุจากสภาพรถ/ถนน
2017-07-05,19:33:33,บางพลี-สุขสวัสดิ์,ปกติ,0,0,0,0,สาเหตุจากสภาพรถ/ถนน
2017-08-15,12:22:22,ศรีรัช-วงแหวนรอบนอก,ปกติ,0,0,0,0,สาเหตุจากสภาพรถ/ถนน
2017-08-26,11:10:10,ศรีรัช-วงแหวนรอบนอก,ปกติ,0,0,0,0,สาเหตุจากสภาพรถ/ถนน
2017-09-30,13:00:00,ศรีรัช-วงแหวนรอบนอก,ปกติ,0,0,0,0,สาเหตุจากสภาพรถ/ถนน
2016-11-20,22:00:00,ศรีรัช-วงแหวนรอบนอก,ปกติ,0,0,0,0,สาเหตุจากสภาพรถ/ถนน
2017-07-22,00:25:25,ศรีรัช-วงแหวนรอบนอก,ปกติ,0,1,0,0,สาเหตุจากสภาพรถ/ถนน
2017-02-16,18:40:40,ศรีรัช-วงแหวนรอบนอก,ปกติ,0,0,0,0,สาเหตุจากสภาพรถ/ถนน
2017-07-10,01:30:30,ทางหลวงพิเศษหมายเลข 37,ปกติ,0,0,0,0,สาเหตุจากสภาพรถ/ถนน
2016-11-18,00:01:01,ทางหลวงพิเศษหมายเลข 37,ปกติ,0,0,0,0,สาเหตุจากสภาพรถ/ถนน
2017-03-26,01:02:02,ทางหลวงพิเศษหมายเลข 37,ปกติ,0,1,0,0,สาเหตุจากสภาพรถ/ถนน
2017-07-23,01:32:32,ทางหลวงพิเศษหมายเลข 37,ปกติ,0,0,0,0,สาเหตุจากสภาพรถ/ถนน
2016-12-09,14:19:19,ทางหลวงพิเศษหมายเลข 37,ปกติ,0,1,0,0,สาเหตุจากสภาพรถ/ถนน
2017-02-12,17:35:35,ทางหลวงพิเศษหมายเลข 37,ปกติ,0,0,0,0,สาเหตุจากสภาพรถ/ถนน
2016-12-27,04:16:16,ทางหลวงพิเศษหมายเลข 37,ปกติ,0,0,0,0,สาเหตุจากสภาพรถ/ถนน
2017-01-10,16:08:08,ทางหลวงพิเศษหมายเลข 37,ปกติ,0,0,0,0,สาเหตุจากสภาพรถ/ถนน
2017-08-12,18:45:45,ทางหลวงพิเศษหมายเลข 37,ปกติ,0,0,0,0,สาเหตุจากสภาพรถ/ถนน
2017-05-06,22:58:58,ทางหลวงพิเศษหมายเลข 37,ปกติ,0,0,0,0,สาเหตุจากสภาพรถ/ถนน
2017-04-07,00:24:24,ทางหลวงพิเศษหมายเลข 37,ปกติ,0,0,0,0,สาเหตุจากสภาพรถ/ถนน
2017-08-21,03:42:42,ทางหลวงพิเศษหมายเลข 37,ปกติ,2,0,0,0,สาเหตุจากสภาพรถ/ถนน
2016-12-08,18:52:52,ทางหลวงพิเศษหมายเลข 37,ปกติ,1,3,0,0,สาเหตุจากสภาพรถ/ถนน
2016-12-08,06:03:03,ฉลองรัช,ปกติ,2,0,0,0,ฝ่าฝืนสัญญาณ/ป้ายจราจร
2017-06-24,05:28:28,บูรพาวิถี,ปกติ,0,0,0,0,ฝ่าฝืนสัญญาณ/ป้ายจราจร
2017-06-24,05:40:40,บูรพาวิถี,ปกติ,1,1,0,0,ฝ่าฝืนสัญญาณ/ป้ายจราจร
2017-01-09,11:25:25,บูรพาวิถี,ปกติ,1,0,0,0,ฝ่าฝืนสัญญาณ/ป้ายจราจร
2016-11-05,14:30:30,เฉลิมมหานคร,ปกติ,2,0,0,0,ฝ่าฝืนสัญญาณ/ป้ายจราจร
2017-06-10,10:25:25,เฉลิมมหานคร,ปกติ,0,0,0,0,ฝ่าฝืนสัญญาณ/ป้ายจราจร
2017-01-19,09:09:09,บางพลี-สุขสวัสดิ์,ปกติ,0,0,0,0,ฝ่าฝืนสัญญาณ/ป้ายจราจร
2017-01-24,04:55:55,บางพลี-สุขสวัสดิ์,ปกติ,0,0,0,0,ฝ่าฝืนสัญญาณ/ป้ายจราจร
2017-07-09,13:01:01,บางพลี-สุขสวัสดิ์,ปกติ,0,0,0,0,ฝ่าฝืนสัญญาณ/ป้ายจราจร
2016-12-01,15:52:52,บางพลี-สุขสวัสดิ์,ปกติ,0,0,0,0,ฝ่าฝืนสัญญาณ/ป้ายจราจร
2017-04-24,15:40:40,บางพลี-สุขสวัสดิ์,ปกติ,0,0,0,0,ฝ่าฝืนสัญญาณ/ป้ายจราจร
2017-03-13,14:51:51,ทางหลวงพิเศษหมายเลข 37,ปกติ,0,0,0,0,ฝ่าฝืนสัญญาณ/ป้ายจราจร
2017-03-10,07:22:22,ทางหลวงพิเศษหมายเลข 37,ปกติ,1,2,0,0,ฝ่าฝืนสัญญาณ/ป้ายจราจร
2016-10-24,02:40:40,ทางหลวงพิเศษหมายเลข 37,ปกติ,0,0,0,0,ฝ่าฝืนสัญญาณ/ป้ายจราจร
2017-06-21,07:08:08,ทางหลวงพิเศษหมายเลข 37,ปกติ,0,1,0,0,ฝ่าฝืนสัญญาณ/ป้ายจราจร
2017-01-08,06:50:50,ศรีรัช,ปกติ,0,0,0,0,เปลี่ยนช่องทางกระทันหัน
2016-11-10,21:28:28,ศรีรัช,ปกติ,0,0,0,0,เปลี่ยนช่องทางกระทันหัน
2017-07-02,15:25:25,ศรีรัช,ปกติ,0,0,0,0,เปลี่ยนช่องทางกระทันหัน
2017-01-29,04:58:58,ศรีรัช,ปกติ,0,0,0,0,เปลี่ยนช่องทางกระทันหัน
2017-04-25,14:43:43,ศรีรัช,ปกติ,0,0,0,0,เปลี่ยนช่องทางกระทันหัน
2017-01-30,00:15:15,ศรีรัช,ปกติ,1,0,0,0,เปลี่ยนช่องทางกระทันหัน
2016-10-31,20:39:39,ศรีรัช,ปกติ,0,0,0,0,เปลี่ยนช่องทางกระทันหัน
2017-08-27,02:27:27,ศรีรัช,ฝนตก,0,0,0,0,เปลี่ยนช่องทางกระทันหัน
2017-02-15,21:33:33,ศรีรัช,ปกติ,4,0,0,0,เปลี่ยนช่องทางกระทันหัน
2017-01-09,12:10:10,ศรีรัช,ปกติ,0,0,0,0,เปลี่ยนช่องทางกระทันหัน
2016-10-31,15:45:45,ศรีรัช,ปกติ,0,0,0,0,เปลี่ยนช่องทางกระทันหัน
2017-06-17,02:36:36,ศรีรัช,ปกติ,0,0,0,0,เปลี่ยนช่องทางกระทันหัน
2017-06-17,01:15:15,ศรีรัช,ปกติ,0,0,0,0,เปลี่ยนช่องทางกระทันหัน
2016-11-18,00:08:08,ศรีรัช,ปกติ,0,0,0,0,เปลี่ยนช่องทางกระทันหัน
2017-08-26,14:35:35,ศรีรัช,ปกติ,0,0,0,0,เปลี่ยนช่องทางกระทันหัน
2017-01-18,17:20:20,ศรีรัช,ปกติ,0,0,0,0,เปลี่ยนช่องทางกระทันหัน
2017-03-31,16:35:35,ศรีรัช,ปกติ,0,0,0,0,เปลี่ยนช่องทางกระทันหัน
2017-02-28,10:48:48,ศรีรัช,ปกติ,1,0,0,0,เปลี่ยนช่องทางกระทันหัน
2016-12-12,01:49:49,ศรีรัช,ปกติ,4,0,0,0,เปลี่ยนช่องทางกระทันหัน
2017-07-20,06:53:53,ศรีรัช,ฝนตก,0,0,0,0,เปลี่ยนช่องทางกระทันหัน
2017-06-23,06:03:03,ศรีรัช,ปกติ,0,1,0,0,เปลี่ยนช่องทางกระทันหัน
2017-07-04,13:28:28,ศรีรัช,ปกติ,0,0,0,0,เปลี่ยนช่องทางกระทันหัน
2017-09-26,22:15:15,ศรีรัช,ปกติ,0,0,0,0,เปลี่ยนช่องทางกระทันหัน
2017-08-10,13:28:28,ศรีรัช,ปกติ,0,0,0,0,เปลี่ยนช่องทางกระทันหัน
2016-12-17,20:50:50,ศรีรัช,ปกติ,1,1,0,0,เปลี่ยนช่องทางกระทันหัน
2017-02-06,08:43:43,ศรีรัช,ปกติ,2,0,0,0,เปลี่ยนช่องทางกระทันหัน
2016-12-13,17:58:58,ศรีรัช,ปกติ,0,0,0,0,เปลี่ยนช่องทางกระทันหัน
2017-02-24,06:05:05,ศรีรัช,ปกติ,1,0,0,0,เปลี่ยนช่องทางกระทันหัน
2017-02-13,01:19:19,ศรีรัช,ปกติ,1,0,0,0,เปลี่ยนช่องทางกระทันหัน
2016-11-03,23:45:45,ศรีรัช,ปกติ,0,0,0,0,เปลี่ยนช่องทางกระทันหัน
2017-01-10,11:36:36,ศรีรัช,ปกติ,0,0,0,0,เปลี่ยนช่องทางกระทันหัน
2016-10-11,17:29:29,ศรีรัช,ปกติ,0,2,0,0,เปลี่ยนช่องทางกระทันหัน
2016-10-05,01:03:03,ศรีรัช,ฝนตก,0,0,0,0,เปลี่ยนช่องทางกระทันหัน
2017-08-08,02:45:45,ศรีรัช,ฝนตก,0,0,0,0,เปลี่ยนช่องทางกระทันหัน
2016-12-25,18:45:45,ศรีรัช,ปกติ,0,0,0,0,เปลี่ยนช่องทางกระทันหัน
2017-03-22,07:28:28,ศรีรัช,ปกติ,0,1,0,0,เปลี่ยนช่องทางกระทันหัน
2017-08-25,18:46:46,ศรีรัช,ปกติ,0,0,0,0,เปลี่ยนช่องทางกระทันหัน
2017-02-28,22:42:42,ศรีรัช,ปกติ,0,0,0,0,เปลี่ยนช่องทางกระทันหัน
2016-10-21,16:33:33,ศรีรัช,ปกติ,0,0,0,0,เปลี่ยนช่องทางกระทันหัน
2016-10-05,15:38:38,ศรีรัช,ปกติ,0,1,0,0,เปลี่ยนช่องทางกระทันหัน
2017-02-07,10:33:33,ศรีรัช,ปกติ,0,0,0,0,เปลี่ยนช่องทางกระทันหัน
2016-12-02,08:12:12,ศรีรัช,ปกติ,0,0,0,0,เปลี่ยนช่องทางกระทันหัน
2017-03-11,08:25:25,ศรีรัช,ปกติ,0,1,0,0,เปลี่ยนช่องทางกระทันหัน
2017-09-05,12:11:11,ศรีรัช,ปกติ,0,0,0,0,เปลี่ยนช่องทางกระทันหัน
2017-08-14,06:05:05,ศรีรัช,ปกติ,0,0,0,0,เปลี่ยนช่องทางกระทันหัน
2017-07-14,11:35:35,ศรีรัช,ปกติ,0,0,0,0,เปลี่ยนช่องทางกระทันหัน
2017-09-28,01:09:09,ศรีรัช,ปกติ,1,1,0,0,เปลี่ยนช่องทางกระทันหัน
2017-05-24,23:50:50,ศรีรัช,ปกติ,0,0,0,0,เปลี่ยนช่องทางกระทันหัน
2016-11-01,18:17:17,ศรีรัช,ปกติ,0,0,0,0,เปลี่ยนช่องทางกระทันหัน
2017-02-22,00:37:37,ศรีรัช,ปกติ,0,0,0,0,เปลี่ยนช่องทางกระทันหัน
2017-03-12,17:06:06,ศรีรัช,ปกติ,0,0,0,0,เปลี่ยนช่องทางกระทันหัน
2016-10-01,06:38:38,ศรีรัช,ปกติ,0,0,0,0,เปลี่ยนช่องทางกระทันหัน
2016-10-12,08:50:50,ศรีรัช,ปกติ,0,0,0,0,เปลี่ยนช่องทางกระทันหัน
2017-01-10,02:25:25,ศรีรัช,ฝนตก,1,0,0,0,เปลี่ยนช่องทางกระทันหัน
2017-08-02,20:59:59,ศรีรัช,ปกติ,0,0,0,0,เปลี่ยนช่องทางกระทันหัน
2017-03-03,19:28:28,ศรีรัช,ปกติ,0,0,0,0,เปลี่ยนช่องทางกระทันหัน
2017-08-19,01:24:24,ศรีรัช,ปกติ,0,0,0,0,เปลี่ยนช่องทางกระทันหัน
2017-03-11,22:25:25,ศรีรัช,ปกติ,0,0,0,0,เปลี่ยนช่องทางกระทันหัน
2016-12-03,10:43:43,ศรีรัช,ปกติ,0,0,0,0,เปลี่ยนช่องทางกระทันหัน
2017-02-22,23:29:29,ศรีรัช,ปกติ,0,0,0,0,เปลี่ยนช่องทางกระทันหัน
2017-09-02,13:40:40,ศรีรัช,ปกติ,0,0,0,0,เปลี่ยนช่องทางกระทันหัน
2016-10-10,05:16:16,ศรีรัช,ปกติ,0,0,0,0,เปลี่ยนช่องทางกระทันหัน
2017-06-04,13:49:49,ศรีรัช,ปกติ,0,0,0,0,เปลี่ยนช่องทางกระทันหัน
2017-03-01,23:31:31,ศรีรัช,ปกติ,0,0,0,0,เปลี่ยนช่องทางกระทันหัน
2016-11-11,14:24:24,ศรีรัช,ปกติ,0,2,0,0,เปลี่ยนช่องทางกระทันหัน
2017-03-25,23:48:48,ศรีรัช,ปกติ,1,1,0,0,เปลี่ยนช่องทางกระทันหัน
2016-10-28,17:38:38,ศรีรัช,ปกติ,0,0,0,0,เปลี่ยนช่องทางกระทันหัน
2017-07-21,02:48:48,ศรีรัช,ปกติ,0,0,0,0,เปลี่ยนช่องทางกระทันหัน
2017-01-16,11:24:24,ศรีรัช,ปกติ,0,0,0,0,เปลี่ยนช่องทางกระทันหัน
2017-01-23,07:22:22,ศรีรัช,ปกติ,1,1,0,0,เปลี่ยนช่องทางกระทันหัน
2017-04-03,15:07:07,ศรีรัช,ปกติ,0,0,0,0,เปลี่ยนช่องทางกระทันหัน
2016-10-21,05:36:36,ศรีรัช,ปกติ,0,0,0,0,เปลี่ยนช่องทางกระทันหัน
2017-09-01,04:19:19,ศรีรัช,ฝนตก,1,0,0,0,เปลี่ยนช่องทางกระทันหัน
2017-05-19,13:12:12,ศรีรัช,ปกติ,0,0,0,0,เปลี่ยนช่องทางกระทันหัน
2016-10-08,13:35:35,ศรีรัช,ปกติ,0,0,0,0,เปลี่ยนช่องทางกระทันหัน
2017-07-13,14:28:28,ศรีรัช,ปกติ,0,0,0,0,เปลี่ยนช่องทางกระทันหัน
2017-01-08,07:55:55,ศรีรัช,ปกติ,0,0,0,0,เปลี่ยนช่องทางกระทันหัน
2017-03-29,11:28:28,ศรีรัช,ปกติ,0,0,0,0,เปลี่ยนช่องทางกระทันหัน
2016-10-03,06:00:00,ศรีรัช,ปกติ,1,0,0,0,เปลี่ยนช่องทางกระทันหัน
2017-02-09,09:13:13,ศรีรัช,ปกติ,0,0,0,0,เปลี่ยนช่องทางกระทันหัน
2017-05-08,20:01:01,ศรีรัช,ปกติ,0,0,0,0,เปลี่ยนช่องทางกระทันหัน
2017-05-27,19:42:42,ศรีรัช,ปกติ,0,0,0,0,เปลี่ยนช่องทางกระทันหัน
2017-06-06,10:53:53,ศรีรัช,ปกติ,0,0,0,0,เปลี่ยนช่องทางกระทันหัน
2016-12-14,11:21:21,ศรีรัช,ปกติ,0,0,0,0,เปลี่ยนช่องทางกระทันหัน
2017-09-28,11:22:22,ศรีรัช,ปกติ,0,0,0,0,เปลี่ยนช่องทางกระทันหัน
2017-01-29,05:45:45,ศรีรัช,ปกติ,0,0,0,0,เปลี่ยนช่องทางกระทันหัน
2017-09-13,05:11:11,ศรีรัช,ปกติ,2,0,0,0,เปลี่ยนช่องทางกระทันหัน
2016-12-01,00:09:09,ฉลองรัช,ปกติ,0,0,0,0,เปลี่ยนช่องทางกระทันหัน
2017-01-16,07:50:50,ฉลองรัช,ปกติ,0,0,0,0,เปลี่ยนช่องทางกระทันหัน
2017-02-11,14:05:05,ฉลองรัช,ปกติ,0,2,0,0,เปลี่ยนช่องทางกระทันหัน
2017-08-17,14:54:54,ฉลองรัช,ปกติ,1,0,0,0,เปลี่ยนช่องทางกระทันหัน
2016-10-22,15:07:07,ฉลองรัช,ปกติ,0,0,0,0,เปลี่ยนช่องทางกระทันหัน
2017-04-02,16:16:16,ฉลองรัช,ปกติ,0,0,0,0,เปลี่ยนช่องทางกระทันหัน
2017-06-02,18:32:32,ฉลองรัช,ปกติ,0,0,0,0,เปลี่ยนช่องทางกระทันหัน
2017-03-05,08:02:02,ฉลองรัช,ปกติ,0,0,0,0,เปลี่ยนช่องทางกระทันหัน
2017-06-03,14:24:24,ฉลองรัช,ปกติ,1,1,0,0,เปลี่ยนช่องทางกระทันหัน
2017-09-15,23:50:50,ฉลองรัช,ปกติ,0,0,0,0,เปลี่ยนช่องทางกระทันหัน
2017-06-09,07:14:14,ฉลองรัช,ปกติ,0,0,0,0,เปลี่ยนช่องทางกระทันหัน
2016-10-01,15:30:30,ฉลองรัช,ปกติ,0,0,0,0,เปลี่ยนช่องทางกระทันหัน
2017-03-24,02:52:52,ฉลองรัช,ปกติ,0,0,0,0,เปลี่ยนช่องทางกระทันหัน
2016-11-12,07:46:46,ฉลองรัช,ปกติ,2,0,0,0,เปลี่ยนช่องทางกระทันหัน
2016-12-03,00:43:43,ฉลองรัช,ปกติ,0,0,0,0,เปลี่ยนช่องทางกระทันหัน
2017-08-14,23:15:15,ฉลองรัช,ปกติ,0,1,0,0,เปลี่ยนช่องทางกระทันหัน
2017-09-17,04:41:41,ฉลองรัช,ปกติ,0,2,0,0,เปลี่ยนช่องทางกระทันหัน
2017-09-03,04:14:14,ฉลองรัช,ปกติ,0,0,0,0,เปลี่ยนช่องทางกระทันหัน
2017-09-20,23:54:54,ฉลองรัช,ปกติ,0,0,0,0,เปลี่ยนช่องทางกระทันหัน
2016-10-20,13:00:00,บูรพาวิถี,ปกติ,0,0,0,0,เปลี่ยนช่องทางกระทันหัน
2017-01-26,20:00:00,บูรพาวิถี,ปกติ,0,0,0,0,เปลี่ยนช่องทางกระทันหัน
2017-04-03,02:10:10,บูรพาวิถี,ปกติ,1,0,0,0,เปลี่ยนช่องทางกระทันหัน
2016-10-21,17:13:13,บูรพาวิถี,ปกติ,2,0,0,0,เปลี่ยนช่องทางกระทันหัน
2017-05-04,19:53:53,บูรพาวิถี,ปกติ,0,0,0,0,เปลี่ยนช่องทางกระทันหัน
2017-01-29,14:30:30,บูรพาวิถี,ปกติ,0,0,0,0,เปลี่ยนช่องทางกระทันหัน
2017-08-16,07:37:37,บูรพาวิถี,ปกติ,0,0,0,0,เปลี่ยนช่องทางกระทันหัน
2017-02-20,07:20:20,บูรพาวิถี,ปกติ,1,1,0,0,เปลี่ยนช่องทางกระทันหัน
2017-02-24,18:08:08,บูรพาวิถี,ปกติ,0,0,0,0,เปลี่ยนช่องทางกระทันหัน
2017-02-10,03:19:19,บูรพาวิถี,ปกติ,1,0,0,0,เปลี่ยนช่องทางกระทันหัน
2017-05-03,21:23:23,บูรพาวิถี,ปกติ,0,0,0,0,เปลี่ยนช่องทางกระทันหัน
2017-08-26,12:19:19,บูรพาวิถี,ปกติ,0,0,0,0,เปลี่ยนช่องทางกระทันหัน
2017-05-05,15:30:30,บูรพาวิถี,ปกติ,0,0,0,0,เปลี่ยนช่องทางกระทันหัน
2017-03-21,16:43:43,อุดรรัถยา,ปกติ,0,1,0,0,เปลี่ยนช่องทางกระทันหัน
2016-10-08,05:54:54,อุดรรัถยา,ฝนตก,1,2,0,0,เปลี่ยนช่องทางกระทันหัน
2017-04-01,17:12:12,อุดรรัถยา,ปกติ,2,2,0,0,เปลี่ยนช่องทางกระทันหัน
2016-12-25,08:39:39,อุดรรัถยา,ปกติ,0,0,0,0,เปลี่ยนช่องทางกระทันหัน
2017-08-30,06:04:04,อุดรรัถยา,ปกติ,0,0,0,0,เปลี่ยนช่องทางกระทันหัน
2016-11-25,13:56:56,อุดรรัถยา,ปกติ,0,0,0,0,เปลี่ยนช่องทางกระทันหัน
2016-12-14,20:21:21,อุดรรัถยา,ปกติ,0,1,0,0,เปลี่ยนช่องทางกระทันหัน
2017-08-02,19:03:03,อุดรรัถยา,ฝนตก,3,0,0,0,เปลี่ยนช่องทางกระทันหัน
2017-02-08,12:00:00,อุดรรัถยา,ปกติ,0,0,0,0,เปลี่ยนช่องทางกระทันหัน
2017-04-02,03:24:24,อุดรรัถยา,ปกติ,0,0,0,0,เปลี่ยนช่องทางกระทันหัน
2016-11-23,19:05:05,อุดรรัถยา,ปกติ,1,1,0,0,เปลี่ยนช่องทางกระทันหัน
2017-02-01,14:38:38,อุดรรัถยา,ปกติ,1,1,0,0,เปลี่ยนช่องทางกระทันหัน
2017-02-10,07:14:14,อุดรรัถยา,ปกติ,0,0,0,0,เปลี่ยนช่องทางกระทันหัน
2017-03-18,17:10:10,อุดรรัถยา,ปกติ,0,0,0,0,เปลี่ยนช่องทางกระทันหัน
2017-03-09,15:18:18,อุดรรัถยา,ปกติ,1,0,0,0,เปลี่ยนช่องทางกระทันหัน
2017-04-30,23:28:28,อุดรรัถยา,ปกติ,1,0,0,0,เปลี่ยนช่องทางกระทันหัน
2017-02-10,16:46:46,อุดรรัถยา,ปกติ,0,0,0,0,เปลี่ยนช่องทางกระทันหัน
2017-02-18,18:51:51,อุดรรัถยา,ปกติ,1,0,0,0,เปลี่ยนช่องทางกระทันหัน
2017-01-30,06:15:15,อุดรรัถยา,ปกติ,0,0,0,0,เปลี่ยนช่องทางกระทันหัน
2017-06-03,06:38:38,อุดรรัถยา,ปกติ,0,0,0,0,เปลี่ยนช่องทางกระทันหัน
2016-10-24,12:40:40,อุดรรัถยา,ปกติ,0,0,0,0,เปลี่ยนช่องทางกระทันหัน
2016-12-24,04:28:28,อุดรรัถยา,ปกติ,0,0,0,0,เปลี่ยนช่องทางกระทันหัน
2017-02-09,22:35:35,เฉลิมมหานคร,ปกติ,0,0,0,0,เปลี่ยนช่องทางกระทันหัน
2016-12-23,11:23:23,เฉลิมมหานคร,ปกติ,0,1,0,0,เปลี่ยนช่องทางกระทันหัน
2017-07-18,04:20:20,เฉลิมมหานคร,ปกติ,2,1,0,0,เปลี่ยนช่องทางกระทันหัน
2016-11-29,22:20:20,เฉลิมมหานคร,ปกติ,1,0,0,0,เปลี่ยนช่องทางกระทันหัน
2016-12-06,02:49:49,เฉลิมมหานคร,ปกติ,3,0,1,0,เปลี่ยนช่องทางกระทันหัน
2017-05-20,11:09:09,เฉลิมมหานคร,ปกติ,0,0,0,0,เปลี่ยนช่องทางกระทันหัน
2016-10-23,23:32:32,เฉลิมมหานคร,ปกติ,0,1,0,0,เปลี่ยนช่องทางกระทันหัน
2017-09-03,02:55:55,เฉลิมมหานคร,ปกติ,0,0,0,0,เปลี่ยนช่องทางกระทันหัน
2016-12-15,10:30:30,เฉลิมมหานคร,ปกติ,0,2,0,0,เปลี่ยนช่องทางกระทันหัน
2016-12-18,00:08:08,เฉลิมมหานคร,ปกติ,0,0,0,0,เปลี่ยนช่องทางกระทันหัน
2017-03-07,10:47:47,เฉลิมมหานคร,ปกติ,0,0,0,0,เปลี่ยนช่องทางกระทันหัน
2017-09-26,23:45:45,เฉลิมมหานคร,ปกติ,0,1,0,0,เปลี่ยนช่องทางกระทันหัน
2017-03-11,12:14:14,เฉลิมมหานคร,ปกติ,1,1,0,0,เปลี่ยนช่องทางกระทันหัน
2017-01-21,13:25:25,เฉลิมมหานคร,ปกติ,0,1,0,0,เปลี่ยนช่องทางกระทันหัน
2017-08-19,14:48:48,เฉลิมมหานคร,ปกติ,1,1,0,0,เปลี่ยนช่องทางกระทันหัน
2017-09-20,11:20:20,เฉลิมมหานคร,ปกติ,1,0,0,0,เปลี่ยนช่องทางกระทันหัน
2017-07-30,23:01:01,เฉลิมมหานคร,ปกติ,0,0,0,0,เปลี่ยนช่องทางกระทันหัน
2017-05-25,00:47:47,เฉลิมมหานคร,ฝนตก,0,0,0,0,เปลี่ยนช่องทางกระทันหัน
2017-04-29,16:28:28,เฉลิมมหานคร,ปกติ,0,0,0,0,เปลี่ยนช่องทางกระทันหัน
2017-03-22,00:27:27,บางพลี-สุขสวัสดิ์,ปกติ,0,0,0,0,เปลี่ยนช่องทางกระทันหัน
2017-05-06,02:19:19,บางพลี-สุขสวัสดิ์,ปกติ,0,0,0,0,เปลี่ยนช่องทางกระทันหัน
2017-03-31,05:45:45,บางพลี-สุขสวัสดิ์,ปกติ,0,0,0,0,เปลี่ยนช่องทางกระทันหัน
2016-11-19,08:58:58,บางพลี-สุขสวัสดิ์,ปกติ,0,1,0,0,เปลี่ยนช่องทางกระทันหัน
2017-07-08,06:47:47,บางพลี-สุขสวัสดิ์,ปกติ,0,0,0,0,เปลี่ยนช่องทางกระทันหัน
2017-05-01,13:05:05,บางพลี-สุขสวัสดิ์,ปกติ,2,1,0,0,เปลี่ยนช่องทางกระทันหัน
2017-06-25,14:29:29,บางพลี-สุขสวัสดิ์,ปกติ,0,0,0,0,เปลี่ยนช่องทางกระทันหัน
2016-12-03,04:24:24,บางพลี-สุขสวัสดิ์,ปกติ,0,0,0,0,เปลี่ยนช่องทางกระทันหัน
2017-09-04,07:00:00,บางพลี-สุขสวัสดิ์,ปกติ,0,0,0,0,เปลี่ยนช่องทางกระทันหัน
2016-11-15,18:41:41,บางพลี-สุขสวัสดิ์,ปกติ,0,0,0,0,เปลี่ยนช่องทางกระทันหัน
2016-11-06,06:40:40,บางพลี-สุขสวัสดิ์,ปกติ,1,0,0,0,เปลี่ยนช่องทางกระทันหัน
2016-10-21,02:07:07,บางพลี-สุขสวัสดิ์,ปกติ,0,0,0,0,เปลี่ยนช่องทางกระทันหัน
2016-12-16,14:19:19,บางพลี-สุขสวัสดิ์,ปกติ,0,0,0,0,เปลี่ยนช่องทางกระทันหัน
2017-07-10,16:00:00,บางพลี-สุขสวัสดิ์,ปกติ,0,0,0,0,เปลี่ยนช่องทางกระทันหัน
2017-02-08,08:31:31,บางพลี-สุขสวัสดิ์,ปกติ,0,1,0,0,เปลี่ยนช่องทางกระทันหัน
2017-04-23,16:47:47,บางพลี-สุขสวัสดิ์,ปกติ,0,0,0,0,เปลี่ยนช่องทางกระทันหัน
2017-06-08,22:00:00,บางพลี-สุขสวัสดิ์,ปกติ,0,0,0,0,เปลี่ยนช่องทางกระทันหัน
2017-04-04,17:22:22,บางพลี-สุขสวัสดิ์,ปกติ,0,0,0,0,เปลี่ยนช่องทางกระทันหัน
2016-11-21,08:30:30,บางพลี-สุขสวัสดิ์,ปกติ,0,0,0,0,เปลี่ยนช่องทางกระทันหัน
2016-10-15,08:55:55,ศรีรัช-วงแหวนรอบนอก,ปกติ,0,0,0,0,เปลี่ยนช่องทางกระทันหัน
2016-12-29,20:18:18,ศรีรัช-วงแหวนรอบนอก,ปกติ,0,0,0,0,เปลี่ยนช่องทางกระทันหัน
2017-06-16,10:00:00,ศรีรัช-วงแหวนรอบนอก,ปกติ,0,2,0,0,เปลี่ยนช่องทางกระทันหัน
2016-10-17,07:07:07,ศรีรัช-วงแหวนรอบนอก,ปกติ,0,0,0,0,เปลี่ยนช่องทางกระทันหัน
2017-02-14,06:55:55,ศรีรัช-วงแหวนรอบนอก,ปกติ,0,0,0,0,เปลี่ยนช่องทางกระทันหัน
2016-10-03,09:05:05,ศรีรัช-วงแหวนรอบนอก,ปกติ,1,0,0,0,เปลี่ยนช่องทางกระทันหัน
2017-07-30,00:02:02,ศรีรัช-วงแหวนรอบนอก,ปกติ,0,0,0,0,เปลี่ยนช่องทางกระทันหัน
2017-09-10,14:51:51,ศรีรัช-วงแหวนรอบนอก,ฝนตก,0,0,0,0,เปลี่ยนช่องทางกระทันหัน
2017-08-23,00:28:28,ทางหลวงพิเศษหมายเลข 37,ปกติ,0,0,0,0,เปลี่ยนช่องทางกระทันหัน
2017-03-09,16:23:23,ทางหลวงพิเศษหมายเลข 37,ปกติ,0,0,0,0,เปลี่ยนช่องทางกระทันหัน
2016-10-28,02:49:49,ทางหลวงพิเศษหมายเลข 37,ปกติ,0,0,0,0,เปลี่ยนช่องทางกระทันหัน
2017-06-12,07:39:39,ทางหลวงพิเศษหมายเลข 37,ปกติ,0,0,0,0,เปลี่ยนช่องทางกระทันหัน
2017-02-10,14:50:50,ทางหลวงพิเศษหมายเลข 37,ปกติ,1,0,0,0,เปลี่ยนช่องทางกระทันหัน
2017-03-03,20:37:37,ทางหลวงพิเศษหมายเลข 37,ปกติ,1,0,0,0,เปลี่ยนช่องทางกระทันหัน
2016-12-11,05:25:25,ทางหลวงพิเศษหมายเลข 37,ปกติ,0,1,0,0,เปลี่ยนช่องทางกระทันหัน
2017-07-14,17:12:12,ทางหลวงพิเศษหมายเลข 37,ปกติ,0,0,0,0,เปลี่ยนช่องทางกระทันหัน
2017-06-28,10:16:16,ทางหลวงพิเศษหมายเลข 37,ปกติ,0,0,0,0,เปลี่ยนช่องทางกระทันหัน
